/*
 Navicat Premium Data Transfer

 Source Server         : 本地
 Source Server Type    : MySQL
 Source Server Version : 50717
 Source Host           : localhost:3306
 Source Schema         : firefly_cloud

 Target Server Type    : MySQL
 Target Server Version : 50717
 File Encoding         : 65001

 Date: 28/04/2019 18:32:09
*/

SET NAMES utf8mb4;
SET FOREIGN_KEY_CHECKS = 0;

-- ----------------------------
-- Table structure for admin
-- ----------------------------
DROP TABLE IF EXISTS `admin`;
CREATE TABLE `admin`  (
  `id` bigint(20) NOT NULL AUTO_INCREMENT COMMENT '编号',
  `username` varchar(20) CHARACTER SET utf8mb4 COLLATE utf8mb4_general_ci NULL DEFAULT NULL COMMENT '用户名',
  `nickname` varchar(10) CHARACTER SET utf8mb4 COLLATE utf8mb4_general_ci NULL DEFAULT NULL COMMENT '用户昵称',
  `password` varchar(100) CHARACTER SET utf8mb4 COLLATE utf8mb4_general_ci NULL DEFAULT NULL COMMENT '密码',
  `salt` varchar(50) CHARACTER SET utf8mb4 COLLATE utf8mb4_general_ci NULL DEFAULT NULL COMMENT '密码盐',
  `avatar` varchar(255) CHARACTER SET utf8mb4 COLLATE utf8mb4_general_ci NULL DEFAULT NULL COMMENT '头像链接',
  `gender` tinyint(1) NOT NULL DEFAULT 0 COMMENT '性别[0:保密,1:女,2:.男]',
  `born` date NULL DEFAULT NULL COMMENT '出生年月',
  `email` varchar(100) CHARACTER SET utf8mb4 COLLATE utf8mb4_general_ci NULL DEFAULT NULL COMMENT '邮箱',
  `tel` varchar(20) CHARACTER SET utf8mb4 COLLATE utf8mb4_general_ci NULL DEFAULT NULL COMMENT '电话',
  `token` varchar(255) CHARACTER SET utf8mb4 COLLATE utf8mb4_general_ci NULL DEFAULT NULL COMMENT '令牌',
  `login_fail` tinyint(2) NOT NULL DEFAULT 0 COMMENT '登录失败',
  `vcode` varchar(20) CHARACTER SET utf8mb4 COLLATE utf8mb4_general_ci NULL DEFAULT NULL COMMENT '验证码',
  `role` tinyint(2) NOT NULL DEFAULT 0 COMMENT '权限[0:系统管理员,1:普通管理员]',
  `weigh` bigint(20) NOT NULL DEFAULT 1 COMMENT '权重',
  `status` tinyint(1) NOT NULL DEFAULT 1 COMMENT '状态[0:隐藏,1:显示]',
  `is_deleted` tinyint(1) NOT NULL DEFAULT 0 COMMENT '是否删除[0:未删除,1:已删除]',
  `regtime` int(10) NULL DEFAULT NULL COMMENT '注册时间',
  `uptime` int(10) NULL DEFAULT NULL COMMENT '最近更新',
  PRIMARY KEY (`id`) USING BTREE
) ENGINE = InnoDB AUTO_INCREMENT = 5 CHARACTER SET = utf8mb4 COLLATE = utf8mb4_general_ci ROW_FORMAT = Dynamic;

-- ----------------------------
-- Records of admin
-- ----------------------------
INSERT INTO `admin` VALUES (3, 'admin', '纵横', '23ef7dd2165b0ebf8d55b808c6bbe04168deca8f', 'n#Hd.', '/static/source/img/admin.jpeg', 1, '2019-04-03', '', '', 'd3fb905de94a08ccfda77a0d16269973', 0, NULL, 0, 1, 1, 0, 1554301977, 1555228656);
INSERT INTO `admin` VALUES (4, 'testa', '测试管理员', '30ff4092fe67c38ef3e16ce7d705f81194d1df69', 'id*w2', '/uploads/admin//20190416/d61d592bedccff58fa181137a35e6d1f.jpeg', 0, '2019-04-14', '', '', '', 0, '', 1, 4, 1, 0, 1555249855, 1555384736);

-- ----------------------------
-- Table structure for admin_log
-- ----------------------------
DROP TABLE IF EXISTS `admin_log`;
CREATE TABLE `admin_log`  (
  `id` bigint(20) NOT NULL AUTO_INCREMENT COMMENT '编号',
  `admin_id` bigint(20) NULL DEFAULT NULL COMMENT '管理员编号',
  `ref` varchar(255) CHARACTER SET utf8mb4 COLLATE utf8mb4_general_ci NULL DEFAULT NULL COMMENT '来源链接',
  `url` varchar(255) CHARACTER SET utf8mb4 COLLATE utf8mb4_general_ci NULL DEFAULT NULL COMMENT '当前链接',
  `table` varchar(100) CHARACTER SET utf8mb4 COLLATE utf8mb4_general_ci NULL DEFAULT NULL COMMENT '表名',
  `info` varchar(255) CHARACTER SET utf8mb4 COLLATE utf8mb4_general_ci NULL DEFAULT NULL COMMENT '详情',
  `ip` varchar(50) CHARACTER SET utf8mb4 COLLATE utf8mb4_general_ci NULL DEFAULT NULL COMMENT 'ip地址',
  `location` varchar(100) CHARACTER SET utf8mb4 COLLATE utf8mb4_general_ci NULL DEFAULT NULL COMMENT '地理位置',
  `user_agent` varchar(255) CHARACTER SET utf8mb4 COLLATE utf8mb4_general_ci NULL DEFAULT NULL COMMENT '用户来源信息',
  `admin_log_type` tinyint(2) NOT NULL DEFAULT 0 COMMENT '日志类型[0:增,1:删,2:改,3:查,4:登录,5:退出,6:邮件,7:图片]',
  `status` tinyint(1) NOT NULL DEFAULT 1 COMMENT '状态[0:隐藏,1:显示]',
  `is_deleted` tinyint(1) NOT NULL DEFAULT 0 COMMENT '是否删除[0:未删除,1:已删除]',
  `regtime` int(10) NULL DEFAULT NULL COMMENT '创建时间',
  `uptime` int(10) NULL DEFAULT NULL COMMENT '最近更新',
  PRIMARY KEY (`id`) USING BTREE
) ENGINE = InnoDB AUTO_INCREMENT = 323 CHARACTER SET = utf8mb4 COLLATE = utf8mb4_general_ci ROW_FORMAT = Dynamic;

-- ----------------------------
-- Records of admin_log
-- ----------------------------
INSERT INTO `admin_log` VALUES (2, 1, 'http://www.firefly.test/login.html', 'http://www.firefly.test/admin/login/check.html', 'admin', '登录成功', '127.0.0.1', '中国--湖北省-武汉市-电信', 'Mozilla/5.0 (Windows NT 10.0; Win64; x64) AppleWebKit/537.36 (KHTML, like Gecko) Chrome/74.0.3724.8 Safari/537.36', 4, 1, 0, 1554030380, 1554030380);
INSERT INTO `admin_log` VALUES (3, 1, 'http://www.firefly.test/login.html', 'http://www.firefly.test/admin/login/check.html', 'admin', '登录成功', '127.0.0.1', '中国--湖北省-武汉市-电信', 'Mozilla/5.0 (Windows NT 10.0; Win64; x64) AppleWebKit/537.36 (KHTML, like Gecko) Chrome/74.0.3724.8 Safari/537.36', 4, 1, 0, 1554031192, 1554031192);
INSERT INTO `admin_log` VALUES (4, 1, 'http://www.firefly.test/login.html', 'http://www.firefly.test/admin/login/check.html', 'admin', '登录成功', '127.0.0.1', '中国--湖北省-武汉市-电信', 'Mozilla/5.0 (Windows NT 10.0; Win64; x64) AppleWebKit/537.36 (KHTML, like Gecko) Chrome/74.0.3724.8 Safari/537.36', 4, 1, 0, 1554031586, 1554031586);
INSERT INTO `admin_log` VALUES (5, 1, 'http://www.firefly.test/login.html', 'http://www.firefly.test/admin/login/check.html', 'admin', '登录成功', '127.0.0.1', '中国--湖北省-武汉市-电信', 'Mozilla/5.0 (Windows NT 10.0; Win64; x64) AppleWebKit/537.36 (KHTML, like Gecko) Chrome/74.0.3724.8 Safari/537.36', 4, 1, 0, 1554122444, 1554122444);
INSERT INTO `admin_log` VALUES (6, 2, 'http://www.firefly.test/login.html', 'http://www.firefly.test/admin/login/check.html', 'admin', '登录成功', '127.0.0.1', '', 'Mozilla/5.0 (Windows NT 10.0; Win64; x64) AppleWebKit/537.36 (KHTML, like Gecko) Chrome/74.0.3724.8 Safari/537.36', 4, 1, 0, 1554216214, 1554216214);
INSERT INTO `admin_log` VALUES (7, 2, 'http://www.firefly.test/login.html', 'http://www.firefly.test/admin/login/check.html', 'admin', '登录成功', '127.0.0.1', '', 'Mozilla/5.0 (Windows NT 10.0; Win64; x64) AppleWebKit/537.36 (KHTML, like Gecko) Chrome/74.0.3724.8 Safari/537.36', 4, 1, 0, 1554216274, 1554216274);
INSERT INTO `admin_log` VALUES (8, 2, 'http://www.firefly.test/login.html', 'http://www.firefly.test/admin/login/check.html', 'admin', '登录成功', '127.0.0.1', '', 'Mozilla/5.0 (Windows NT 10.0; Win64; x64) AppleWebKit/537.36 (KHTML, like Gecko) Chrome/74.0.3724.8 Safari/537.36', 4, 1, 0, 1554216346, 1554216346);
INSERT INTO `admin_log` VALUES (9, 2, 'http://www.firefly.test/login.html', 'http://www.firefly.test/admin/login/check.html', 'admin', '登录成功', '127.0.0.1', '', 'Mozilla/5.0 (Windows NT 10.0; Win64; x64) AppleWebKit/537.36 (KHTML, like Gecko) Chrome/74.0.3724.8 Safari/537.36', 4, 1, 0, 1554216357, 1554216357);
INSERT INTO `admin_log` VALUES (10, 2, 'http://www.firefly.test/login.html', 'http://www.firefly.test/admin/login/check.html', 'admin', '登录成功', '127.0.0.1', '', 'Mozilla/5.0 (Windows NT 10.0; Win64; x64) AppleWebKit/537.36 (KHTML, like Gecko) Chrome/74.0.3724.8 Safari/537.36', 4, 1, 0, 1554216455, 1554216455);
INSERT INTO `admin_log` VALUES (11, 2, 'http://www.firefly.test/login.html', 'http://www.firefly.test/admin/login/check.html', 'admin', '登录成功', '127.0.0.1', '', 'Mozilla/5.0 (Windows NT 10.0; Win64; x64) AppleWebKit/537.36 (KHTML, like Gecko) Chrome/74.0.3724.8 Safari/537.36', 4, 1, 0, 1554216486, 1554216486);
INSERT INTO `admin_log` VALUES (12, 2, 'http://www.firefly.test/login.html', 'http://www.firefly.test/admin/login/check.html', 'admin', '登录成功', '127.0.0.1', '', 'Mozilla/5.0 (Windows NT 10.0; Win64; x64) AppleWebKit/537.36 (KHTML, like Gecko) Chrome/74.0.3724.8 Safari/537.36', 4, 1, 0, 1554216515, 1554216515);
INSERT INTO `admin_log` VALUES (13, 2, 'http://www.firefly.test/login.html', 'http://www.firefly.test/admin/login/check.html', 'admin', '登录成功', '127.0.0.1', '', 'Mozilla/5.0 (Windows NT 10.0; Win64; x64) AppleWebKit/537.36 (KHTML, like Gecko) Chrome/74.0.3724.8 Safari/537.36', 4, 1, 0, 1554216569, 1554216569);
INSERT INTO `admin_log` VALUES (14, 2, 'http://www.firefly.test/login.html', 'http://www.firefly.test/admin/login/check.html', 'admin', '登录成功', '127.0.0.1', '', 'Mozilla/5.0 (Windows NT 10.0; Win64; x64) AppleWebKit/537.36 (KHTML, like Gecko) Chrome/74.0.3724.8 Safari/537.36', 4, 1, 0, 1554216600, 1554216600);
INSERT INTO `admin_log` VALUES (15, 2, 'http://www.firefly.test/login.html', 'http://www.firefly.test/admin/login/check.html', 'admin', '登录成功', '127.0.0.1', '', 'Mozilla/5.0 (Windows NT 10.0; Win64; x64) AppleWebKit/537.36 (KHTML, like Gecko) Chrome/74.0.3724.8 Safari/537.36', 4, 1, 0, 1554216621, 1554216621);
INSERT INTO `admin_log` VALUES (16, 2, 'http://www.firefly.test/login.html', 'http://www.firefly.test/admin/login/check.html', 'admin', '登录成功', '127.0.0.1', '', 'Mozilla/5.0 (Windows NT 10.0; Win64; x64) AppleWebKit/537.36 (KHTML, like Gecko) Chrome/74.0.3724.8 Safari/537.36', 4, 1, 0, 1554216757, 1554216757);
INSERT INTO `admin_log` VALUES (17, 2, 'http://www.firefly.test/login.html', 'http://www.firefly.test/admin/login/check.html', 'admin', '登录成功', '127.0.0.1', '', 'Mozilla/5.0 (Windows NT 10.0; Win64; x64) AppleWebKit/537.36 (KHTML, like Gecko) Chrome/74.0.3724.8 Safari/537.36', 4, 1, 0, 1554216781, 1554216781);
INSERT INTO `admin_log` VALUES (18, 2, 'http://www.firefly.test/login.html', 'http://www.firefly.test/admin/login/check.html', 'admin', '登录成功', '127.0.0.1', '', 'Mozilla/5.0 (Windows NT 10.0; Win64; x64) AppleWebKit/537.36 (KHTML, like Gecko) Chrome/74.0.3724.8 Safari/537.36', 4, 1, 0, 1554216914, 1554216914);
INSERT INTO `admin_log` VALUES (19, 2, 'http://www.firefly.test/login.html', 'http://www.firefly.test/admin/login/check.html', 'admin', '登录成功', '127.0.0.1', '', 'Mozilla/5.0 (Windows NT 10.0; Win64; x64) AppleWebKit/537.36 (KHTML, like Gecko) Chrome/74.0.3724.8 Safari/537.36', 4, 1, 0, 1554216950, 1554216950);
INSERT INTO `admin_log` VALUES (20, 3, 'http://www.firefly.test/login.html', 'http://www.firefly.test/admin/login/check.html', 'admin', '登录成功', '127.0.0.1', '中国--湖北省-武汉市-电信', 'Mozilla/5.0 (Windows NT 10.0; Win64; x64) AppleWebKit/537.36 (KHTML, like Gecko) Chrome/74.0.3724.8 Safari/537.36', 4, 1, 0, 1554301993, 1554301993);
INSERT INTO `admin_log` VALUES (21, 3, 'http://www.firefly.test/login.html', 'http://www.firefly.test/admin/login/check.html', 'admin', '登录成功', '127.0.0.1', '中国--湖北省-武汉市-电信', 'Mozilla/5.0 (Windows NT 10.0; Win64; x64) AppleWebKit/537.36 (KHTML, like Gecko) Chrome/74.0.3724.8 Safari/537.36', 4, 1, 0, 1554377724, 1554377724);
INSERT INTO `admin_log` VALUES (22, 3, 'http://www.firefly.test/login.html', 'http://www.firefly.test/admin/login/check.html', 'admin', '登录成功', '127.0.0.1', '中国--湖北省-武汉市-电信', 'Mozilla/5.0 (Windows NT 10.0; Win64; x64) AppleWebKit/537.36 (KHTML, like Gecko) Chrome/74.0.3724.8 Safari/537.36', 4, 1, 0, 1554439347, 1554439347);
INSERT INTO `admin_log` VALUES (23, 3, 'http://www.firefly.test/login.html', 'http://www.firefly.test/admin/login/check.html', 'admin', '登录成功', '127.0.0.1', '中国--湖北省-武汉市-电信', 'Mozilla/5.0 (Windows NT 10.0; Win64; x64) AppleWebKit/537.36 (KHTML, like Gecko) Chrome/74.0.3724.8 Safari/537.36', 4, 1, 0, 1554439384, 1554439384);
INSERT INTO `admin_log` VALUES (24, 3, 'http://www.firefly.test/login.html', 'http://www.firefly.test/admin/login/check.html', 'admin', '登录成功', '127.0.0.1', '中国--湖北省-武汉市-电信', 'Mozilla/5.0 (Windows NT 10.0; Win64; x64) AppleWebKit/537.36 (KHTML, like Gecko) Chrome/74.0.3724.8 Safari/537.36', 4, 1, 0, 1554439415, 1554439415);
INSERT INTO `admin_log` VALUES (25, 3, 'http://www.firefly.test/login.html', 'http://www.firefly.test/admin/login/check.html', 'admin', '登录成功', '127.0.0.1', '中国--湖北省-武汉市-电信', 'Mozilla/5.0 (Windows NT 10.0; Win64; x64) AppleWebKit/537.36 (KHTML, like Gecko) Chrome/74.0.3724.8 Safari/537.36', 4, 1, 0, 1554439430, 1554439430);
INSERT INTO `admin_log` VALUES (26, 3, 'http://www.firefly.test/login.html', 'http://www.firefly.test/admin/login/check.html', 'admin', '登录成功', '127.0.0.1', '中国--湖北省-武汉市-电信', 'Mozilla/5.0 (Windows NT 10.0; Win64; x64) AppleWebKit/537.36 (KHTML, like Gecko) Chrome/74.0.3724.8 Safari/537.36', 4, 1, 0, 1554439440, 1554439440);
INSERT INTO `admin_log` VALUES (27, 3, 'http://www.firefly.test/login.html', 'http://www.firefly.test/admin/login/check.html', 'admin', '登录成功', '127.0.0.1', '中国--湖北省-武汉市-电信', 'Mozilla/5.0 (Windows NT 10.0; Win64; x64) AppleWebKit/537.36 (KHTML, like Gecko) Chrome/74.0.3724.8 Safari/537.36', 4, 1, 0, 1554439542, 1554439542);
INSERT INTO `admin_log` VALUES (28, 3, 'http://www.firefly.test/admin/index/index2.html', 'http://www.firefly.test/admin/form/edit_password.html', 'admin', '修改密码成功', '127.0.0.1', '中国--湖北省-武汉市-电信', 'Mozilla/5.0 (Windows NT 10.0; Win64; x64) AppleWebKit/537.36 (KHTML, like Gecko) Chrome/74.0.3724.8 Safari/537.36', 2, 1, 0, 1554451880, 1554451880);
INSERT INTO `admin_log` VALUES (29, 3, 'http://www.firefly.test/login.html', 'http://www.firefly.test/admin/login/check.html', 'admin', '登录成功', '127.0.0.1', '中国--湖北省-武汉市-电信', 'Mozilla/5.0 (Windows NT 10.0; Win64; x64) AppleWebKit/537.36 (KHTML, like Gecko) Chrome/74.0.3724.8 Safari/537.36', 4, 1, 0, 1554451893, 1554451893);
INSERT INTO `admin_log` VALUES (30, 3, 'http://www.firefly.test/login.html', 'http://www.firefly.test/admin/login/check.html', 'admin', '登录成功', '127.0.0.1', '中国--湖北省-武汉市-电信', 'Mozilla/5.0 (Windows NT 10.0; Win64; x64) AppleWebKit/537.36 (KHTML, like Gecko) Chrome/74.0.3724.8 Safari/537.36', 4, 1, 0, 1554479553, 1554479553);
INSERT INTO `admin_log` VALUES (31, 3, 'http://www.firefly.test/login.html', 'http://www.firefly.test/admin/login/check.html', 'admin', '登录成功', '127.0.0.1', '中国--湖北省-武汉市-电信', 'Mozilla/5.0 (Windows NT 10.0; Win64; x64) AppleWebKit/537.36 (KHTML, like Gecko) Chrome/74.0.3724.8 Safari/537.36', 4, 1, 0, 1554505215, 1554505215);
INSERT INTO `admin_log` VALUES (32, 3, 'http://www.firefly.test/login.html', 'http://www.firefly.test/admin/login/check.html', 'admin', '登录成功', '127.0.0.1', '中国--湖北省-武汉市-电信', 'Mozilla/5.0 (Windows NT 10.0; Win64; x64) AppleWebKit/537.36 (KHTML, like Gecko) Chrome/74.0.3724.8 Safari/537.36', 4, 1, 0, 1554598212, 1554598212);
INSERT INTO `admin_log` VALUES (33, NULL, 'http://www.firefly.test/admin/system/menu.html', 'http://www.firefly.test/admin/login/logout.html', 'admin', '退出成功', '127.0.0.1', '中国--湖北省-武汉市-电信', 'Mozilla/5.0 (Windows NT 10.0; Win64; x64) AppleWebKit/537.36 (KHTML, like Gecko) Chrome/74.0.3724.8 Safari/537.36', 5, 1, 0, 1554648021, 1554648021);
INSERT INTO `admin_log` VALUES (34, 3, 'http://www.firefly.test/login.html', 'http://www.firefly.test/admin/login/check.html', 'admin', '登录成功', '127.0.0.1', '中国--湖北省-武汉市-电信', 'Mozilla/5.0 (Windows NT 10.0; Win64; x64) AppleWebKit/537.36 (KHTML, like Gecko) Chrome/74.0.3724.8 Safari/537.36', 4, 1, 0, 1554648035, 1554648035);
INSERT INTO `admin_log` VALUES (35, NULL, 'http://www.firefly.test/admin/index/index.html', 'http://www.firefly.test/admin/login/logout.html', 'admin', '退出成功', '127.0.0.1', '中国--湖北省-武汉市-电信', 'Mozilla/5.0 (Windows NT 10.0; Win64; x64) AppleWebKit/537.36 (KHTML, like Gecko) Chrome/74.0.3724.8 Safari/537.36', 5, 1, 0, 1554648042, 1554648042);
INSERT INTO `admin_log` VALUES (36, 3, 'http://www.firefly.test/login.html', 'http://www.firefly.test/admin/login/check.html', 'admin', '登录成功', '127.0.0.1', '中国--湖北省-武汉市-电信', 'Mozilla/5.0 (Windows NT 10.0; Win64; x64) AppleWebKit/537.36 (KHTML, like Gecko) Chrome/74.0.3724.8 Safari/537.36', 4, 1, 0, 1554648055, 1554648055);
INSERT INTO `admin_log` VALUES (37, 3, 'http://www.firefly.test/admin/system/menu.html', 'http://www.firefly.test/admin/form/dtb_status.html', 'menu', '状态修改成功', '127.0.0.1', '中国--湖北省-武汉市-电信', 'Mozilla/5.0 (Windows NT 10.0; Win64; x64) AppleWebKit/537.36 (KHTML, like Gecko) Chrome/74.0.3724.8 Safari/537.36', 2, 1, 0, 1554727980, 1554727980);
INSERT INTO `admin_log` VALUES (38, 3, 'http://www.firefly.test/admin/system/menu.html', 'http://www.firefly.test/admin/form/dtb_status.html', 'menu', '状态修改成功', '127.0.0.1', '中国--湖北省-武汉市-电信', 'Mozilla/5.0 (Windows NT 10.0; Win64; x64) AppleWebKit/537.36 (KHTML, like Gecko) Chrome/74.0.3724.8 Safari/537.36', 2, 1, 0, 1554727988, 1554727988);
INSERT INTO `admin_log` VALUES (39, 3, 'http://www.firefly.test/admin/system/menu.html', 'http://www.firefly.test/admin/form/data_table_event.html', 'menu', '删除id:10成功', '127.0.0.1', '', 'Mozilla/5.0 (Windows NT 10.0; Win64; x64) AppleWebKit/537.36 (KHTML, like Gecko) Chrome/74.0.3724.8 Safari/537.36', 1, 1, 0, 1554735718, 1554735718);
INSERT INTO `admin_log` VALUES (40, 3, 'http://www.firefly.test/admin/system/menu.html', 'http://www.firefly.test/admin/form/data_table_event.html', 'menu', '删除id:9成功', '127.0.0.1', '', 'Mozilla/5.0 (Windows NT 10.0; Win64; x64) AppleWebKit/537.36 (KHTML, like Gecko) Chrome/74.0.3724.8 Safari/537.36', 1, 1, 0, 1554735736, 1554735736);
INSERT INTO `admin_log` VALUES (41, 3, 'http://www.firefly.test/admin/system/menu.html', 'http://www.firefly.test/admin/form/data_table_event.html', 'menu', '删除id:16,15,14,13,12,11,10,9,8,7成功', '127.0.0.1', '', 'Mozilla/5.0 (Windows NT 10.0; Win64; x64) AppleWebKit/537.36 (KHTML, like Gecko) Chrome/74.0.3724.8 Safari/537.36', 1, 1, 0, 1554735770, 1554735770);
INSERT INTO `admin_log` VALUES (42, 3, 'http://www.firefly.test/login.html', 'http://www.firefly.test/admin/login/check.html', 'admin', '登录成功', '127.0.0.1', '中国--湖北省-武汉市-电信', 'Mozilla/5.0 (Windows NT 10.0; Win64; x64) AppleWebKit/537.36 (KHTML, like Gecko) Chrome/74.0.3724.8 Safari/537.36', 4, 1, 0, 1554808994, 1554808994);
INSERT INTO `admin_log` VALUES (43, 3, 'http://www.firefly.test/admin/system/menu.html', 'http://www.firefly.test/admin/form/dtb_status.html', 'menu', '状态修改成功', '127.0.0.1', '中国--湖北省-武汉市-电信', 'Mozilla/5.0 (Windows NT 10.0; Win64; x64) AppleWebKit/537.36 (KHTML, like Gecko) Chrome/74.0.3724.8 Safari/537.36', 2, 1, 0, 1554809122, 1554809122);
INSERT INTO `admin_log` VALUES (44, 3, 'http://www.firefly.test/admin/system/menu.html', 'http://www.firefly.test/admin/form/dtb_status.html', 'menu', '状态修改成功', '127.0.0.1', '中国--湖北省-武汉市-电信', 'Mozilla/5.0 (Windows NT 10.0; Win64; x64) AppleWebKit/537.36 (KHTML, like Gecko) Chrome/74.0.3724.8 Safari/537.36', 2, 1, 0, 1554809126, 1554809126);
INSERT INTO `admin_log` VALUES (45, 3, 'http://www.firefly.test/admin/system/menu.html', 'http://www.firefly.test/admin/form/event_add.html', 'menu', '添加[id:17]数据项成功', '127.0.0.1', '中国--湖北省-武汉市-电信', 'Mozilla/5.0 (Windows NT 10.0; Win64; x64) AppleWebKit/537.36 (KHTML, like Gecko) Chrome/74.0.3724.8 Safari/537.36', 1, 1, 0, 1554906451, 1554906451);
INSERT INTO `admin_log` VALUES (46, 3, 'http://www.firefly.test/admin/system/menu.html', 'http://www.firefly.test/admin/form/event_add.html', 'menu', '添加[id:18]数据项成功', '127.0.0.1', '中国--湖北省-武汉市-电信', 'Mozilla/5.0 (Windows NT 10.0; Win64; x64) AppleWebKit/537.36 (KHTML, like Gecko) Chrome/74.0.3724.8 Safari/537.36', 1, 1, 0, 1554906750, 1554906750);
INSERT INTO `admin_log` VALUES (47, 3, 'http://www.firefly.test/admin/system/menu.html', 'http://www.firefly.test/admin/form/event_add.html', 'menu', '添加[id:19]数据项成功', '127.0.0.1', '中国--湖北省-武汉市-电信', 'Mozilla/5.0 (Windows NT 10.0; Win64; x64) AppleWebKit/537.36 (KHTML, like Gecko) Chrome/74.0.3724.8 Safari/537.36', 1, 1, 0, 1554907103, 1554907103);
INSERT INTO `admin_log` VALUES (48, 3, 'http://www.firefly.test/admin/system/menu.html', 'http://www.firefly.test/admin/form/dtb_status.html', 'menu', '修改[id:19]的状态成功', '127.0.0.1', '中国--湖北省-武汉市-电信', 'Mozilla/5.0 (Windows NT 10.0; Win64; x64) AppleWebKit/537.36 (KHTML, like Gecko) Chrome/74.0.3724.8 Safari/537.36', 2, 1, 0, 1554907226, 1554907226);
INSERT INTO `admin_log` VALUES (49, 3, 'http://www.firefly.test/admin/system/menu.html', 'http://www.firefly.test/admin/form/dtb_status.html', 'menu', '修改[id:18]的状态成功', '127.0.0.1', '中国--湖北省-武汉市-电信', 'Mozilla/5.0 (Windows NT 10.0; Win64; x64) AppleWebKit/537.36 (KHTML, like Gecko) Chrome/74.0.3724.8 Safari/537.36', 2, 1, 0, 1554907228, 1554907228);
INSERT INTO `admin_log` VALUES (50, 3, 'http://www.firefly.test/admin/system/menu.html', 'http://www.firefly.test/admin/form/dtb_status.html', 'menu', '修改[id:17]的状态成功', '127.0.0.1', '中国--湖北省-武汉市-电信', 'Mozilla/5.0 (Windows NT 10.0; Win64; x64) AppleWebKit/537.36 (KHTML, like Gecko) Chrome/74.0.3724.8 Safari/537.36', 2, 1, 0, 1554907229, 1554907229);
INSERT INTO `admin_log` VALUES (51, 3, 'http://www.firefly.test/admin/system/menu.html', 'http://www.firefly.test/admin/form/event_add.html', 'menu', '添加[id:22]数据项成功', '127.0.0.1', '', 'Mozilla/5.0 (Windows NT 10.0; Win64; x64) AppleWebKit/537.36 (KHTML, like Gecko) Chrome/74.0.3724.8 Safari/537.36', 1, 1, 0, 1554907755, 1554907755);
INSERT INTO `admin_log` VALUES (52, 3, 'http://www.firefly.test/login.html', 'http://www.firefly.test/admin/login/check.html', 'admin', '登录成功', '127.0.0.1', '中国--湖北省-武汉市-电信', 'Mozilla/5.0 (Windows NT 10.0; Win64; x64) AppleWebKit/537.36 (KHTML, like Gecko) Chrome/74.0.3724.8 Safari/537.36', 4, 1, 0, 1554983880, 1554983880);
INSERT INTO `admin_log` VALUES (53, 3, 'http://www.firefly.test/admin/system/menu.html', 'http://www.firefly.test/admin/form/dtb_status.html', 'menu', '修改[id:22]的状态成功', '127.0.0.1', '中国--湖北省-武汉市-电信', 'Mozilla/5.0 (Windows NT 10.0; Win64; x64) AppleWebKit/537.36 (KHTML, like Gecko) Chrome/74.0.3724.8 Safari/537.36', 2, 1, 0, 1554988720, 1554988720);
INSERT INTO `admin_log` VALUES (54, 3, 'http://www.firefly.test/admin/system/menu.html', 'http://www.firefly.test/admin/form/dtb_status.html', 'menu', '修改[id:21]的状态成功', '127.0.0.1', '中国--湖北省-武汉市-电信', 'Mozilla/5.0 (Windows NT 10.0; Win64; x64) AppleWebKit/537.36 (KHTML, like Gecko) Chrome/74.0.3724.8 Safari/537.36', 2, 1, 0, 1554988721, 1554988721);
INSERT INTO `admin_log` VALUES (55, 3, 'http://www.firefly.test/admin/system/menu.html', 'http://www.firefly.test/admin/form/dtb_status.html', 'menu', '修改[id:20]的状态成功', '127.0.0.1', '中国--湖北省-武汉市-电信', 'Mozilla/5.0 (Windows NT 10.0; Win64; x64) AppleWebKit/537.36 (KHTML, like Gecko) Chrome/74.0.3724.8 Safari/537.36', 2, 1, 0, 1554988722, 1554988722);
INSERT INTO `admin_log` VALUES (56, 3, 'http://www.firefly.test/admin/system/menu.html', 'http://www.firefly.test/admin/form/dtb_status.html', 'menu', '修改[id:19]的状态成功', '127.0.0.1', '中国--湖北省-武汉市-电信', 'Mozilla/5.0 (Windows NT 10.0; Win64; x64) AppleWebKit/537.36 (KHTML, like Gecko) Chrome/74.0.3724.8 Safari/537.36', 2, 1, 0, 1554988723, 1554988723);
INSERT INTO `admin_log` VALUES (57, 3, 'http://www.firefly.test/login.html', 'http://www.firefly.test/admin/login/check.html', 'admin', '登录成功', '127.0.0.1', '中国--湖北省-武汉市-电信', 'Mozilla/5.0 (Windows NT 10.0; Win64; x64) AppleWebKit/537.36 (KHTML, like Gecko) Chrome/74.0.3724.8 Safari/537.36', 4, 1, 0, 1555073463, 1555073463);
INSERT INTO `admin_log` VALUES (58, 3, 'http://www.firefly.test/admin/index/index.html', 'http://www.firefly.test/admin/login/logout.html', 'admin', '退出成功', '127.0.0.1', '中国--湖北省-武汉市-电信', 'Mozilla/5.0 (Windows NT 10.0; Win64; x64) AppleWebKit/537.36 (KHTML, like Gecko) Chrome/74.0.3724.8 Safari/537.36', 5, 1, 0, 1555073532, 1555073532);
INSERT INTO `admin_log` VALUES (59, 3, 'http://www.firefly.test/login.html', 'http://www.firefly.test/admin/login/check.html', 'admin', '登录成功', '127.0.0.1', '中国--湖北省-武汉市-电信', 'Mozilla/5.0 (Windows NT 10.0; Win64; x64) AppleWebKit/537.36 (KHTML, like Gecko) Chrome/74.0.3724.8 Safari/537.36', 4, 1, 0, 1555073537, 1555073537);
INSERT INTO `admin_log` VALUES (60, 3, 'http://www.firefly.test/admin/system/menu.html', 'http://www.firefly.test/admin/form/data_table_event.html', 'menu', '删除[id:22,21,20,19,18,17]成功', '127.0.0.1', '中国--湖北省-武汉市-电信', 'Mozilla/5.0 (Windows NT 10.0; Win64; x64) AppleWebKit/537.36 (KHTML, like Gecko) Chrome/74.0.3724.8 Safari/537.36', 1, 1, 0, 1555073588, 1555073588);
INSERT INTO `admin_log` VALUES (61, 3, 'http://www.firefly.test/admin/system/menu.html', 'http://www.firefly.test/admin/form/event_edit.html', 'menu', '修改[id:16]数据项成功', '127.0.0.1', '中国--湖北省-武汉市-电信', 'Mozilla/5.0 (Windows NT 10.0; Win64; x64) AppleWebKit/537.36 (KHTML, like Gecko) Chrome/74.0.3724.8 Safari/537.36', 2, 1, 0, 1555073609, 1555073609);
INSERT INTO `admin_log` VALUES (62, 3, 'http://www.firefly.test/admin/system/menu.html', 'http://www.firefly.test/admin/form/event_edit.html', 'menu', '修改[id:13]数据项成功', '127.0.0.1', '中国--湖北省-武汉市-电信', 'Mozilla/5.0 (Windows NT 10.0; Win64; x64) AppleWebKit/537.36 (KHTML, like Gecko) Chrome/74.0.3724.8 Safari/537.36', 2, 1, 0, 1555073635, 1555073635);
INSERT INTO `admin_log` VALUES (63, 3, 'http://www.firefly.test/admin/system/system_config.html', 'http://www.firefly.test/admin/form/event_add.html', 'system_config', '添加[id:1]数据项成功', '127.0.0.1', '中国--湖北省-武汉市-电信', 'Mozilla/5.0 (Windows NT 10.0; Win64; x64) AppleWebKit/537.36 (KHTML, like Gecko) Chrome/74.0.3724.8 Safari/537.36', 0, 1, 0, 1555076166, 1555076166);
INSERT INTO `admin_log` VALUES (64, 3, 'http://www.firefly.test/admin/system/system_config.html', 'http://www.firefly.test/admin/form/event_add.html', 'system_config', '添加[id:2]数据项成功', '127.0.0.1', '中国--湖北省-武汉市-电信', 'Mozilla/5.0 (Windows NT 10.0; Win64; x64) AppleWebKit/537.36 (KHTML, like Gecko) Chrome/74.0.3724.8 Safari/537.36', 0, 1, 0, 1555076275, 1555076275);
INSERT INTO `admin_log` VALUES (65, 3, 'http://www.firefly.test/admin/system/system_config.html', 'http://www.firefly.test/admin/form/data_table_event.html', 'system_config', '删除[id:2]成功', '127.0.0.1', '中国--湖北省-武汉市-电信', 'Mozilla/5.0 (Windows NT 10.0; Win64; x64) AppleWebKit/537.36 (KHTML, like Gecko) Chrome/74.0.3724.8 Safari/537.36', 1, 1, 0, 1555076439, 1555076439);
INSERT INTO `admin_log` VALUES (66, 3, 'http://www.firefly.test/admin/system/system_config.html', 'http://www.firefly.test/admin/form/event_add.html', 'system_config', '添加[id:3]数据项成功', '127.0.0.1', '中国--湖北省-武汉市-电信', 'Mozilla/5.0 (Windows NT 10.0; Win64; x64) AppleWebKit/537.36 (KHTML, like Gecko) Chrome/74.0.3724.8 Safari/537.36', 0, 1, 0, 1555076447, 1555076447);
INSERT INTO `admin_log` VALUES (67, 3, 'http://www.firefly.test/admin/system/system_config.html', 'http://www.firefly.test/admin/form/data_table_event.html', 'system_config', '删除[id:3]成功', '127.0.0.1', '中国--湖北省-武汉市-电信', 'Mozilla/5.0 (Windows NT 10.0; Win64; x64) AppleWebKit/537.36 (KHTML, like Gecko) Chrome/74.0.3724.8 Safari/537.36', 1, 1, 0, 1555076469, 1555076469);
INSERT INTO `admin_log` VALUES (68, 3, 'http://www.firefly.test/login.html', 'http://www.firefly.test/admin/login/check.html', 'admin', '登录成功', '127.0.0.1', '中国--湖北省-武汉市-电信', 'Mozilla/5.0 (Windows NT 10.0; Win64; x64) AppleWebKit/537.36 (KHTML, like Gecko) Chrome/74.0.3724.8 Safari/537.36', 4, 1, 0, 1555083995, 1555083995);
INSERT INTO `admin_log` VALUES (69, 3, 'http://www.firefly.test/login.html', 'http://www.firefly.test/admin/login/check.html', 'admin', '登录成功', '127.0.0.1', '中国--湖北省-武汉市-电信', 'Mozilla/5.0 (Windows NT 10.0; Win64; x64) AppleWebKit/537.36 (KHTML, like Gecko) Chrome/74.0.3724.8 Safari/537.36', 4, 1, 0, 1555116593, 1555116593);
INSERT INTO `admin_log` VALUES (70, 3, 'http://www.firefly.test/admin/system/system_config.html', 'http://www.firefly.test/admin/form/event_add.html', 'system_config', '添加[id:4]数据项成功', '127.0.0.1', '中国--湖北省-武汉市-电信', 'Mozilla/5.0 (Windows NT 10.0; Win64; x64) AppleWebKit/537.36 (KHTML, like Gecko) Chrome/74.0.3724.8 Safari/537.36', 0, 1, 0, 1555156401, 1555156401);
INSERT INTO `admin_log` VALUES (71, 3, 'http://www.firefly.test/admin/system/system_config.html', 'http://www.firefly.test/admin/form/dtb_status.html', 'system_config', '修改[id:4]的状态成功', '127.0.0.1', '中国--湖北省-武汉市-电信', 'Mozilla/5.0 (Windows NT 10.0; Win64; x64) AppleWebKit/537.36 (KHTML, like Gecko) Chrome/74.0.3724.8 Safari/537.36', 2, 1, 0, 1555157700, 1555157700);
INSERT INTO `admin_log` VALUES (72, 3, 'http://www.firefly.test/admin/system/system_config.html', 'http://www.firefly.test/admin/form/dtb_status.html', 'system_config', '修改[id:4]的状态成功', '127.0.0.1', '中国--湖北省-武汉市-电信', 'Mozilla/5.0 (Windows NT 10.0; Win64; x64) AppleWebKit/537.36 (KHTML, like Gecko) Chrome/74.0.3724.8 Safari/537.36', 2, 1, 0, 1555157702, 1555157702);
INSERT INTO `admin_log` VALUES (73, 3, 'http://www.firefly.test/admin/system/system_config.html', 'http://www.firefly.test/admin/form/upload.html', 'system_config', '上传成功!', '127.0.0.1', '中国--湖北省-武汉市-电信', 'Mozilla/5.0 (Windows NT 10.0; Win64; x64) AppleWebKit/537.36 (KHTML, like Gecko) Chrome/74.0.3724.8 Safari/537.36', 0, 1, 0, 1555158035, 1555158035);
INSERT INTO `admin_log` VALUES (74, 3, 'http://www.firefly.test/admin/system/system_config.html', 'http://www.firefly.test/admin/form/event_edit.html', 'system_config', '修改[id:4]数据项成功', '127.0.0.1', '中国--湖北省-武汉市-电信', 'Mozilla/5.0 (Windows NT 10.0; Win64; x64) AppleWebKit/537.36 (KHTML, like Gecko) Chrome/74.0.3724.8 Safari/537.36', 2, 1, 0, 1555158119, 1555158119);
INSERT INTO `admin_log` VALUES (75, 3, 'http://www.firefly.test/admin/system/system_config.html', 'http://www.firefly.test/admin/form/event_edit.html', 'system_config', '修改[id:4]数据项成功', '127.0.0.1', '中国--湖北省-武汉市-电信', 'Mozilla/5.0 (Windows NT 10.0; Win64; x64) AppleWebKit/537.36 (KHTML, like Gecko) Chrome/74.0.3724.8 Safari/537.36', 2, 1, 0, 1555163946, 1555163946);
INSERT INTO `admin_log` VALUES (76, 3, 'http://www.firefly.test/admin/system/system_config.html', 'http://www.firefly.test/admin/form/event_add.html', 'system_config', '添加[id:5]数据项成功', '127.0.0.1', '中国--湖北省-武汉市-电信', 'Mozilla/5.0 (Windows NT 10.0; Win64; x64) AppleWebKit/537.36 (KHTML, like Gecko) Chrome/74.0.3724.8 Safari/537.36', 0, 1, 0, 1555164109, 1555164109);
INSERT INTO `admin_log` VALUES (77, 3, 'http://www.firefly.test/admin/system/system_config.html', 'http://www.firefly.test/admin/form/event_add.html', 'system_config', '添加[id:6]数据项成功', '127.0.0.1', '中国--湖北省-武汉市-电信', 'Mozilla/5.0 (Windows NT 10.0; Win64; x64) AppleWebKit/537.36 (KHTML, like Gecko) Chrome/74.0.3724.8 Safari/537.36', 0, 1, 0, 1555164194, 1555164194);
INSERT INTO `admin_log` VALUES (78, 3, 'http://www.firefly.test/admin/system/system_config.html', 'http://www.firefly.test/admin/form/event_edit.html', 'system_config', '修改[id:6]数据项成功', '127.0.0.1', '中国--湖北省-武汉市-电信', 'Mozilla/5.0 (Windows NT 10.0; Win64; x64) AppleWebKit/537.36 (KHTML, like Gecko) Chrome/74.0.3724.8 Safari/537.36', 2, 1, 0, 1555164217, 1555164217);
INSERT INTO `admin_log` VALUES (79, 3, 'http://www.firefly.test/admin/system/system_config.html', 'http://www.firefly.test/admin/form/event_add.html', 'system_config', '添加[id:7]数据项成功', '127.0.0.1', '中国--湖北省-武汉市-电信', 'Mozilla/5.0 (Windows NT 10.0; Win64; x64) AppleWebKit/537.36 (KHTML, like Gecko) Chrome/74.0.3724.8 Safari/537.36', 0, 1, 0, 1555164257, 1555164257);
INSERT INTO `admin_log` VALUES (80, 3, 'http://www.firefly.test/admin/system/system_config.html', 'http://www.firefly.test/admin/form/event_edit.html', 'system_config', '修改[id:4]数据项成功', '127.0.0.1', '中国--湖北省-武汉市-电信', 'Mozilla/5.0 (Windows NT 10.0; Win64; x64) AppleWebKit/537.36 (KHTML, like Gecko) Chrome/74.0.3724.8 Safari/537.36', 2, 1, 0, 1555164280, 1555164280);
INSERT INTO `admin_log` VALUES (81, 3, 'http://www.firefly.test/admin/system/system_config.html', 'http://www.firefly.test/admin/form/event_add.html', 'system_config', '添加[id:8]数据项成功', '127.0.0.1', '中国--湖北省-武汉市-电信', 'Mozilla/5.0 (Windows NT 10.0; Win64; x64) AppleWebKit/537.36 (KHTML, like Gecko) Chrome/74.0.3724.8 Safari/537.36', 0, 1, 0, 1555164318, 1555164318);
INSERT INTO `admin_log` VALUES (82, 3, 'http://www.firefly.test/admin/system/system_config.html', 'http://www.firefly.test/admin/form/event_add.html', 'system_config', '添加[id:9]数据项成功', '127.0.0.1', '中国--湖北省-武汉市-电信', 'Mozilla/5.0 (Windows NT 10.0; Win64; x64) AppleWebKit/537.36 (KHTML, like Gecko) Chrome/74.0.3724.8 Safari/537.36', 0, 1, 0, 1555165007, 1555165007);
INSERT INTO `admin_log` VALUES (83, 3, 'http://www.firefly.test/admin/system/system_config.html', 'http://www.firefly.test/admin/form/event_add.html', 'system_config', '添加[id:10]数据项成功', '127.0.0.1', '中国--湖北省-武汉市-电信', 'Mozilla/5.0 (Windows NT 10.0; Win64; x64) AppleWebKit/537.36 (KHTML, like Gecko) Chrome/74.0.3724.8 Safari/537.36', 0, 1, 0, 1555165046, 1555165046);
INSERT INTO `admin_log` VALUES (84, 3, 'http://www.firefly.test/admin/system/system_config.html', 'http://www.firefly.test/admin/form/event_add.html', 'system_config', '添加[id:11]数据项成功', '127.0.0.1', '中国--湖北省-武汉市-电信', 'Mozilla/5.0 (Windows NT 10.0; Win64; x64) AppleWebKit/537.36 (KHTML, like Gecko) Chrome/74.0.3724.8 Safari/537.36', 0, 1, 0, 1555165069, 1555165069);
INSERT INTO `admin_log` VALUES (85, 3, 'http://www.firefly.test/admin/system/system_config.html', 'http://www.firefly.test/admin/form/event_add.html', 'system_config', '添加[id:12]数据项成功', '127.0.0.1', '中国--湖北省-武汉市-电信', 'Mozilla/5.0 (Windows NT 10.0; Win64; x64) AppleWebKit/537.36 (KHTML, like Gecko) Chrome/74.0.3724.8 Safari/537.36', 0, 1, 0, 1555165183, 1555165183);
INSERT INTO `admin_log` VALUES (86, 3, 'http://www.firefly.test/admin/system/system_config.html', 'http://www.firefly.test/admin/form/event_add.html', 'system_config', '添加[id:13]数据项成功', '127.0.0.1', '中国--湖北省-武汉市-电信', 'Mozilla/5.0 (Windows NT 10.0; Win64; x64) AppleWebKit/537.36 (KHTML, like Gecko) Chrome/74.0.3724.8 Safari/537.36', 0, 1, 0, 1555165254, 1555165254);
INSERT INTO `admin_log` VALUES (87, 3, 'http://www.firefly.test/admin/system/system_config.html', 'http://www.firefly.test/admin/form/event_edit.html', 'system_config', '修改[id:13]数据项成功', '127.0.0.1', '中国--湖北省-武汉市-电信', 'Mozilla/5.0 (Windows NT 10.0; Win64; x64) AppleWebKit/537.36 (KHTML, like Gecko) Chrome/74.0.3724.8 Safari/537.36', 2, 1, 0, 1555165280, 1555165280);
INSERT INTO `admin_log` VALUES (88, 3, 'http://www.firefly.test/admin/system/system_config.html', 'http://www.firefly.test/admin/form/event_edit.html', 'system_config', '修改[id:12]数据项成功', '127.0.0.1', '中国--湖北省-武汉市-电信', 'Mozilla/5.0 (Windows NT 10.0; Win64; x64) AppleWebKit/537.36 (KHTML, like Gecko) Chrome/74.0.3724.8 Safari/537.36', 2, 1, 0, 1555165289, 1555165289);
INSERT INTO `admin_log` VALUES (89, 3, 'http://www.firefly.test/admin/system/system_config.html', 'http://www.firefly.test/admin/form/event_add.html', 'system_config', '添加[id:14]数据项成功', '127.0.0.1', '中国--湖北省-武汉市-电信', 'Mozilla/5.0 (Windows NT 10.0; Win64; x64) AppleWebKit/537.36 (KHTML, like Gecko) Chrome/74.0.3724.8 Safari/537.36', 0, 1, 0, 1555165444, 1555165444);
INSERT INTO `admin_log` VALUES (90, 3, 'http://www.firefly.test/admin/system/system_config.html', 'http://www.firefly.test/admin/form/event_add.html', 'system_config', '添加[id:15]数据项成功', '127.0.0.1', '中国--湖北省-武汉市-电信', 'Mozilla/5.0 (Windows NT 10.0; Win64; x64) AppleWebKit/537.36 (KHTML, like Gecko) Chrome/74.0.3724.8 Safari/537.36', 0, 1, 0, 1555165559, 1555165559);
INSERT INTO `admin_log` VALUES (91, 3, 'http://www.firefly.test/admin/system/system_config.html', 'http://www.firefly.test/admin/form/event_add.html', 'system_config', '添加[id:16]数据项成功', '127.0.0.1', '中国--湖北省-武汉市-电信', 'Mozilla/5.0 (Windows NT 10.0; Win64; x64) AppleWebKit/537.36 (KHTML, like Gecko) Chrome/74.0.3724.8 Safari/537.36', 0, 1, 0, 1555165635, 1555165635);
INSERT INTO `admin_log` VALUES (92, 3, 'http://www.firefly.test/admin/system/system_config.html', 'http://www.firefly.test/admin/form/event_add.html', 'system_config', '添加[id:17]数据项成功', '127.0.0.1', '中国--湖北省-武汉市-电信', 'Mozilla/5.0 (Windows NT 10.0; Win64; x64) AppleWebKit/537.36 (KHTML, like Gecko) Chrome/74.0.3724.8 Safari/537.36', 0, 1, 0, 1555165682, 1555165682);
INSERT INTO `admin_log` VALUES (93, 3, 'http://www.firefly.test/admin/system/system_config.html', 'http://www.firefly.test/admin/form/event_add.html', 'system_config', '添加[id:18]数据项成功', '127.0.0.1', '中国--湖北省-武汉市-电信', 'Mozilla/5.0 (Windows NT 10.0; Win64; x64) AppleWebKit/537.36 (KHTML, like Gecko) Chrome/74.0.3724.8 Safari/537.36', 0, 1, 0, 1555165733, 1555165733);
INSERT INTO `admin_log` VALUES (94, 3, 'http://www.firefly.test/admin/system/system_config.html', 'http://www.firefly.test/admin/form/event_add.html', 'system_config', '添加[id:19]数据项成功', '127.0.0.1', '中国--湖北省-武汉市-电信', 'Mozilla/5.0 (Windows NT 10.0; Win64; x64) AppleWebKit/537.36 (KHTML, like Gecko) Chrome/74.0.3724.8 Safari/537.36', 0, 1, 0, 1555165786, 1555165786);
INSERT INTO `admin_log` VALUES (95, 3, 'http://www.firefly.test/admin/system/system_config.html', 'http://www.firefly.test/admin/form/event_add.html', 'system_config', '添加[id:20]数据项成功', '127.0.0.1', '中国--湖北省-武汉市-电信', 'Mozilla/5.0 (Windows NT 10.0; Win64; x64) AppleWebKit/537.36 (KHTML, like Gecko) Chrome/74.0.3724.8 Safari/537.36', 0, 1, 0, 1555165819, 1555165819);
INSERT INTO `admin_log` VALUES (96, 3, 'http://www.firefly.test/admin/system/system_config.html', 'http://www.firefly.test/admin/form/event_add.html', 'system_config', '添加[id:21]数据项成功', '127.0.0.1', '中国--湖北省-武汉市-电信', 'Mozilla/5.0 (Windows NT 10.0; Win64; x64) AppleWebKit/537.36 (KHTML, like Gecko) Chrome/74.0.3724.8 Safari/537.36', 0, 1, 0, 1555165861, 1555165861);
INSERT INTO `admin_log` VALUES (97, 3, 'http://www.firefly.test/admin/system/system_config.html', 'http://www.firefly.test/admin/form/event_edit.html', 'system_config', '修改[id:7]数据项成功', '127.0.0.1', '中国--湖北省-武汉市-电信', 'Mozilla/5.0 (Windows NT 10.0; Win64; x64) AppleWebKit/537.36 (KHTML, like Gecko) Chrome/74.0.3724.8 Safari/537.36', 2, 1, 0, 1555166238, 1555166238);
INSERT INTO `admin_log` VALUES (98, 3, 'http://www.firefly.test/admin/system/system_config.html', 'http://www.firefly.test/admin/form/event_edit.html', 'system_config', '修改[id:7]数据项成功', '127.0.0.1', '中国--湖北省-武汉市-电信', 'Mozilla/5.0 (Windows NT 10.0; Win64; x64) AppleWebKit/537.36 (KHTML, like Gecko) Chrome/74.0.3724.8 Safari/537.36', 2, 1, 0, 1555166303, 1555166303);
INSERT INTO `admin_log` VALUES (99, 3, 'http://www.firefly.test/admin/system/system_config.html', 'http://www.firefly.test/admin/form/event_edit.html', 'system_config', '修改[id:9]数据项成功', '127.0.0.1', '中国--湖北省-武汉市-电信', 'Mozilla/5.0 (Windows NT 10.0; Win64; x64) AppleWebKit/537.36 (KHTML, like Gecko) Chrome/74.0.3724.8 Safari/537.36', 2, 1, 0, 1555166377, 1555166377);
INSERT INTO `admin_log` VALUES (100, 3, 'http://www.firefly.test/login.html', 'http://www.firefly.test/admin/login/check.html', 'admin', '登录成功', '127.0.0.1', '中国--湖北省-武汉市-电信', 'Mozilla/5.0 (Windows NT 10.0; Win64; x64) AppleWebKit/537.36 (KHTML, like Gecko) Chrome/74.0.3724.8 Safari/537.36', 4, 1, 0, 1555203124, 1555203124);
INSERT INTO `admin_log` VALUES (101, 3, 'http://www.firefly.test/admin/system/userinfo.html', 'http://www.firefly.test/admin/login/logout.html', 'admin', '退出成功', '127.0.0.1', '中国--湖北省-武汉市-电信', 'Mozilla/5.0 (Windows NT 10.0; Win64; x64) AppleWebKit/537.36 (KHTML, like Gecko) Chrome/74.0.3724.8 Safari/537.36', 5, 1, 0, 1555213411, 1555213411);
INSERT INTO `admin_log` VALUES (102, 3, 'http://www.firefly.test/login.html', 'http://www.firefly.test/admin/login/check.html', 'admin', '登录成功', '127.0.0.1', '中国--湖北省-武汉市-电信', 'Mozilla/5.0 (Windows NT 10.0; Win64; x64) AppleWebKit/537.36 (KHTML, like Gecko) Chrome/74.0.3724.8 Safari/537.36', 4, 1, 0, 1555213447, 1555213447);
INSERT INTO `admin_log` VALUES (103, 3, 'http://www.firefly.test/admin/index/index.html', 'http://www.firefly.test/admin/login/logout.html', 'admin', '退出成功', '127.0.0.1', '中国--湖北省-武汉市-电信', 'Mozilla/5.0 (Windows NT 10.0; Win64; x64) AppleWebKit/537.36 (KHTML, like Gecko) Chrome/74.0.3724.8 Safari/537.36', 5, 1, 0, 1555213479, 1555213479);
INSERT INTO `admin_log` VALUES (104, 3, 'http://www.firefly.test/login.html', 'http://www.firefly.test/admin/login/check.html', 'admin', '登录成功', '127.0.0.1', '中国--湖北省-武汉市-电信', 'Mozilla/5.0 (Windows NT 10.0; Win64; x64) AppleWebKit/537.36 (KHTML, like Gecko) Chrome/74.0.3724.8 Safari/537.36', 4, 1, 0, 1555213486, 1555213486);
INSERT INTO `admin_log` VALUES (105, 3, 'http://www.firefly.test/admin/system/system_config.html', 'http://www.firefly.test/admin/form/event_edit.html', 'system_config', '修改[id:9]数据项成功', '127.0.0.1', '中国--湖北省-武汉市-电信', 'Mozilla/5.0 (Windows NT 10.0; Win64; x64) AppleWebKit/537.36 (KHTML, like Gecko) Chrome/74.0.3724.8 Safari/537.36', 2, 1, 0, 1555215998, 1555215998);
INSERT INTO `admin_log` VALUES (106, 3, 'http://www.firefly.test/admin/system/userinfo.html', 'http://www.firefly.test/admin/form/event_edit.html', 'admin', '修改[id:3]数据项成功', '127.0.0.1', '中国--湖北省-武汉市-电信', 'Mozilla/5.0 (Windows NT 10.0; Win64; x64) AppleWebKit/537.36 (KHTML, like Gecko) Chrome/74.0.3724.8 Safari/537.36', 2, 1, 0, 1555221097, 1555221097);
INSERT INTO `admin_log` VALUES (107, 3, 'http://www.firefly.test/admin/system/userinfo.html', 'http://www.firefly.test/admin/form/event_edit.html', 'admin', '修改[id:3]数据项成功', '127.0.0.1', '中国--湖北省-武汉市-电信', 'Mozilla/5.0 (Windows NT 10.0; Win64; x64) AppleWebKit/537.36 (KHTML, like Gecko) Chrome/74.0.3724.8 Safari/537.36', 2, 1, 0, 1555221105, 1555221105);
INSERT INTO `admin_log` VALUES (108, 3, 'http://www.firefly.test/admin/system/userinfo.html', 'http://www.firefly.test/admin/form/event_edit.html', 'admin', '修改[id:3]数据项成功', '127.0.0.1', '中国--湖北省-武汉市-电信', 'Mozilla/5.0 (Windows NT 10.0; Win64; x64) AppleWebKit/537.36 (KHTML, like Gecko) Chrome/74.0.3724.8 Safari/537.36', 2, 1, 0, 1555221108, 1555221108);
INSERT INTO `admin_log` VALUES (109, 3, 'http://www.firefly.test/admin/system/userinfo.html', 'http://www.firefly.test/admin/form/event_edit.html', 'admin', '修改[id:3]数据项成功', '127.0.0.1', '中国--湖北省-武汉市-电信', 'Mozilla/5.0 (Windows NT 10.0; Win64; x64) AppleWebKit/537.36 (KHTML, like Gecko) Chrome/74.0.3724.8 Safari/537.36', 2, 1, 0, 1555221112, 1555221112);
INSERT INTO `admin_log` VALUES (110, 3, 'http://www.firefly.test/admin/system/userinfo.html', 'http://www.firefly.test/admin/form/event_edit.html', 'admin', '修改[id:3]数据项成功', '127.0.0.1', '中国--湖北省-武汉市-电信', 'Mozilla/5.0 (Windows NT 10.0; Win64; x64) AppleWebKit/537.36 (KHTML, like Gecko) Chrome/74.0.3724.8 Safari/537.36', 2, 1, 0, 1555221116, 1555221116);
INSERT INTO `admin_log` VALUES (111, 3, 'http://www.firefly.test/admin/system/userinfo.html', 'http://www.firefly.test/admin/form/event_edit.html', 'admin', '修改[id:3]数据项成功', '127.0.0.1', '中国--湖北省-武汉市-电信', 'Mozilla/5.0 (Windows NT 10.0; Win64; x64) AppleWebKit/537.36 (KHTML, like Gecko) Chrome/74.0.3724.8 Safari/537.36', 2, 1, 0, 1555221267, 1555221267);
INSERT INTO `admin_log` VALUES (112, 3, 'http://www.firefly.test/admin/system/userinfo.html', 'http://www.firefly.test/admin/form/event_edit.html', 'admin', '修改[id:3]数据项成功', '127.0.0.1', '中国--湖北省-武汉市-电信', 'Mozilla/5.0 (Windows NT 10.0; Win64; x64) AppleWebKit/537.36 (KHTML, like Gecko) Chrome/74.0.3724.8 Safari/537.36', 2, 1, 0, 1555221273, 1555221273);
INSERT INTO `admin_log` VALUES (113, 3, 'http://www.firefly.test/admin/system/userinfo.html', 'http://www.firefly.test/admin/form/event_edit.html', 'admin', '修改[id:3]数据项成功', '127.0.0.1', '中国--湖北省-武汉市-电信', 'Mozilla/5.0 (Windows NT 10.0; Win64; x64) AppleWebKit/537.36 (KHTML, like Gecko) Chrome/74.0.3724.8 Safari/537.36', 2, 1, 0, 1555228656, 1555228656);
INSERT INTO `admin_log` VALUES (114, 3, 'http://www.firefly.test/admin/system/menu.html', 'http://www.firefly.test/admin/form/event_add.html', 'menu', '添加[id:23]数据项成功', '127.0.0.1', '中国--湖北省-武汉市-电信', 'Mozilla/5.0 (Windows NT 10.0; Win64; x64) AppleWebKit/537.36 (KHTML, like Gecko) Chrome/74.0.3724.8 Safari/537.36', 0, 1, 0, 1555239389, 1555239389);
INSERT INTO `admin_log` VALUES (115, 3, 'http://www.firefly.test/admin/system/menu.html', 'http://www.firefly.test/admin/form/event_edit.html', 'menu', '修改[id:23]数据项成功', '127.0.0.1', '中国--湖北省-武汉市-电信', 'Mozilla/5.0 (Windows NT 10.0; Win64; x64) AppleWebKit/537.36 (KHTML, like Gecko) Chrome/74.0.3724.8 Safari/537.36', 2, 1, 0, 1555239420, 1555239420);
INSERT INTO `admin_log` VALUES (116, 3, 'http://www.firefly.test/admin/system/menu.html', 'http://www.firefly.test/admin/form/event_edit.html', 'menu', '修改[id:23]数据项成功', '127.0.0.1', '中国--湖北省-武汉市-电信', 'Mozilla/5.0 (Windows NT 10.0; Win64; x64) AppleWebKit/537.36 (KHTML, like Gecko) Chrome/74.0.3724.8 Safari/537.36', 2, 1, 0, 1555239462, 1555239462);
INSERT INTO `admin_log` VALUES (117, 3, 'http://www.firefly.test/admin/system/menu.html', 'http://www.firefly.test/admin/form/event_add.html', 'menu', '添加[id:24]数据项成功', '127.0.0.1', '中国--湖北省-武汉市-电信', 'Mozilla/5.0 (Windows NT 10.0; Win64; x64) AppleWebKit/537.36 (KHTML, like Gecko) Chrome/74.0.3724.8 Safari/537.36', 0, 1, 0, 1555239489, 1555239489);
INSERT INTO `admin_log` VALUES (118, 3, 'http://www.firefly.test/admin/system/menu.html', 'http://www.firefly.test/admin/form/event_edit.html', 'menu', '修改[id:23]数据项成功', '127.0.0.1', '中国--湖北省-武汉市-电信', 'Mozilla/5.0 (Windows NT 10.0; Win64; x64) AppleWebKit/537.36 (KHTML, like Gecko) Chrome/74.0.3724.8 Safari/537.36', 2, 1, 0, 1555239518, 1555239518);
INSERT INTO `admin_log` VALUES (119, 3, 'http://www.firefly.test/admin/system/menu.html', 'http://www.firefly.test/admin/form/event_edit.html', 'menu', '修改[id:4]数据项成功', '127.0.0.1', '中国--湖北省-武汉市-电信', 'Mozilla/5.0 (Windows NT 10.0; Win64; x64) AppleWebKit/537.36 (KHTML, like Gecko) Chrome/74.0.3724.8 Safari/537.36', 2, 1, 0, 1555239541, 1555239541);
INSERT INTO `admin_log` VALUES (120, 3, 'http://www.firefly.test/admin/user/admin.html', 'http://www.firefly.test/admin/form/upload.html', 'admin', '上传成功!', '127.0.0.1', '中国--湖北省-武汉市-电信', 'Mozilla/5.0 (Windows NT 10.0; Win64; x64) AppleWebKit/537.36 (KHTML, like Gecko) Chrome/74.0.3724.8 Safari/537.36', 0, 1, 0, 1555249943, 1555249943);
INSERT INTO `admin_log` VALUES (121, 3, 'http://www.firefly.test/admin/user/admin.html', 'http://www.firefly.test/admin/form/event_add.html', 'admin', '添加[id:4]数据项成功', '127.0.0.1', '中国--湖北省-武汉市-电信', 'Mozilla/5.0 (Windows NT 10.0; Win64; x64) AppleWebKit/537.36 (KHTML, like Gecko) Chrome/74.0.3724.8 Safari/537.36', 0, 1, 0, 1555250006, 1555250006);
INSERT INTO `admin_log` VALUES (122, 3, 'http://www.firefly.test/admin/user/admin.html', 'http://www.firefly.test/admin/login/logout.html', 'admin', '退出成功', '127.0.0.1', '中国--湖北省-武汉市-电信', 'Mozilla/5.0 (Windows NT 10.0; Win64; x64) AppleWebKit/537.36 (KHTML, like Gecko) Chrome/74.0.3724.8 Safari/537.36', 5, 1, 0, 1555250050, 1555250050);
INSERT INTO `admin_log` VALUES (123, 4, 'http://www.firefly.test/login.html', 'http://www.firefly.test/admin/login/check.html', 'admin', '登录成功', '127.0.0.1', '中国--湖北省-武汉市-电信', 'Mozilla/5.0 (Windows NT 10.0; Win64; x64) AppleWebKit/537.36 (KHTML, like Gecko) Chrome/74.0.3724.8 Safari/537.36', 4, 1, 0, 1555250064, 1555250064);
INSERT INTO `admin_log` VALUES (124, 4, 'http://www.firefly.test/admin/index/index.html', 'http://www.firefly.test/admin/form/edit_password.html', 'admin', '修改密码成功', '127.0.0.1', '中国--湖北省-武汉市-电信', 'Mozilla/5.0 (Windows NT 10.0; Win64; x64) AppleWebKit/537.36 (KHTML, like Gecko) Chrome/74.0.3724.8 Safari/537.36', 2, 1, 0, 1555250088, 1555250088);
INSERT INTO `admin_log` VALUES (125, 4, 'http://www.firefly.test/login.html', 'http://www.firefly.test/admin/login/check.html', 'admin', '登录成功', '127.0.0.1', '中国--湖北省-武汉市-电信', 'Mozilla/5.0 (Windows NT 10.0; Win64; x64) AppleWebKit/537.36 (KHTML, like Gecko) Chrome/74.0.3724.8 Safari/537.36', 4, 1, 0, 1555250101, 1555250101);
INSERT INTO `admin_log` VALUES (126, 4, 'http://www.firefly.test/admin/system/menu.html', 'http://www.firefly.test/admin/form/event_edit.html', 'menu', '修改[id:24]数据项成功', '127.0.0.1', '中国--湖北省-武汉市-电信', 'Mozilla/5.0 (Windows NT 10.0; Win64; x64) AppleWebKit/537.36 (KHTML, like Gecko) Chrome/74.0.3724.8 Safari/537.36', 2, 1, 0, 1555250515, 1555250515);
INSERT INTO `admin_log` VALUES (127, 4, 'http://www.firefly.test/admin/user/admin.html', 'http://www.firefly.test/admin/form/event_edit.html', 'admin', '修改[id:4]数据项成功', '127.0.0.1', '中国--湖北省-武汉市-电信', 'Mozilla/5.0 (Windows NT 10.0; Win64; x64) AppleWebKit/537.36 (KHTML, like Gecko) Chrome/74.0.3724.8 Safari/537.36', 2, 1, 0, 1555250584, 1555250584);
INSERT INTO `admin_log` VALUES (128, 4, 'http://www.firefly.test/admin/system/menu.html', 'http://www.firefly.test/admin/form/event_add.html', 'menu', '添加[id:25]数据项成功', '127.0.0.1', '中国--湖北省-武汉市-电信', 'Mozilla/5.0 (Windows NT 10.0; Win64; x64) AppleWebKit/537.36 (KHTML, like Gecko) Chrome/74.0.3724.8 Safari/537.36', 0, 1, 0, 1555250929, 1555250929);
INSERT INTO `admin_log` VALUES (129, 3, 'http://www.firefly.test:81/login.html', 'http://www.firefly.test:81/admin/login/check.html', 'admin', '登录成功', '127.0.0.1', '中国--湖北省-武汉市-电信', 'Mozilla/5.0 (Windows NT 10.0; Win64; x64) AppleWebKit/537.36 (KHTML, like Gecko) Chrome/74.0.3724.8 Safari/537.36', 4, 1, 0, 1555292887, 1555292887);
INSERT INTO `admin_log` VALUES (130, 3, 'http://www.firefly.test:81/admin/user/admin.html', 'http://www.firefly.test:81/admin/form/event_edit.html', 'admin', '修改[id:4]数据项成功', '127.0.0.1', '中国--湖北省-武汉市-电信', 'Mozilla/5.0 (Windows NT 10.0; Win64; x64) AppleWebKit/537.36 (KHTML, like Gecko) Chrome/74.0.3724.8 Safari/537.36', 2, 1, 0, 1555292953, 1555292953);
INSERT INTO `admin_log` VALUES (131, 3, 'http://www.firefly.test:81/admin/user/admin.html', 'http://www.firefly.test:81/admin/form/upload.html', 'admin', '上传成功!', '127.0.0.1', '中国--湖北省-武汉市-电信', 'Mozilla/5.0 (Windows NT 10.0; Win64; x64) AppleWebKit/537.36 (KHTML, like Gecko) Chrome/74.0.3724.8 Safari/537.36', 0, 1, 0, 1555292981, 1555292981);
INSERT INTO `admin_log` VALUES (132, 3, 'http://www.firefly.test:81/admin/user/admin.html', 'http://www.firefly.test:81/admin/form/event_edit.html', 'admin', '修改[id:4]数据项成功', '127.0.0.1', '中国--湖北省-武汉市-电信', 'Mozilla/5.0 (Windows NT 10.0; Win64; x64) AppleWebKit/537.36 (KHTML, like Gecko) Chrome/74.0.3724.8 Safari/537.36', 2, 1, 0, 1555292983, 1555292983);
INSERT INTO `admin_log` VALUES (133, 3, 'http://www.firefly.test:81/admin/system/menu.html', 'http://www.firefly.test:81/admin/form/event_add.html', 'menu', '添加[id:26]数据项成功', '127.0.0.1', '中国--湖北省-武汉市-电信', 'Mozilla/5.0 (Windows NT 10.0; Win64; x64) AppleWebKit/537.36 (KHTML, like Gecko) Chrome/74.0.3724.8 Safari/537.36', 0, 1, 0, 1555293558, 1555293558);
INSERT INTO `admin_log` VALUES (134, 3, 'http://www.firefly.test:81/admin/system/menu.html', 'http://www.firefly.test:81/admin/form/event_add.html', 'menu', '添加[id:27]数据项成功', '127.0.0.1', '中国--湖北省-武汉市-电信', 'Mozilla/5.0 (Windows NT 10.0; Win64; x64) AppleWebKit/537.36 (KHTML, like Gecko) Chrome/74.0.3724.8 Safari/537.36', 0, 1, 0, 1555295137, 1555295137);
INSERT INTO `admin_log` VALUES (135, 3, 'http://www.firefly.test:81/admin/system/menu.html', 'http://www.firefly.test:81/admin/form/event_add.html', 'menu', '添加[id:28]数据项成功', '127.0.0.1', '中国--湖北省-武汉市-电信', 'Mozilla/5.0 (Windows NT 10.0; Win64; x64) AppleWebKit/537.36 (KHTML, like Gecko) Chrome/74.0.3724.8 Safari/537.36', 0, 1, 0, 1555296293, 1555296293);
INSERT INTO `admin_log` VALUES (136, 3, 'http://www.firefly.test:81/admin/system/menu.html', 'http://www.firefly.test:81/admin/form/event_edit.html', 'menu', '修改[id:28]数据项成功', '127.0.0.1', '中国--湖北省-武汉市-电信', 'Mozilla/5.0 (Windows NT 10.0; Win64; x64) AppleWebKit/537.36 (KHTML, like Gecko) Chrome/74.0.3724.8 Safari/537.36', 2, 1, 0, 1555296326, 1555296326);
INSERT INTO `admin_log` VALUES (137, 3, 'http://www.firefly.test:81/admin/system/menu.html', 'http://www.firefly.test:81/admin/form/event_add.html', 'menu', '添加[id:29]数据项成功', '127.0.0.1', '中国--湖北省-武汉市-电信', 'Mozilla/5.0 (Windows NT 10.0; Win64; x64) AppleWebKit/537.36 (KHTML, like Gecko) Chrome/74.0.3724.8 Safari/537.36', 0, 1, 0, 1555296521, 1555296521);
INSERT INTO `admin_log` VALUES (138, 3, 'http://www.firefly.test:81/admin/system/menu.html', 'http://www.firefly.test:81/admin/form/event_edit.html', 'menu', '修改[id:29]数据项成功', '127.0.0.1', '中国--湖北省-武汉市-电信', 'Mozilla/5.0 (Windows NT 10.0; Win64; x64) AppleWebKit/537.36 (KHTML, like Gecko) Chrome/74.0.3724.8 Safari/537.36', 2, 1, 0, 1555296534, 1555296534);
INSERT INTO `admin_log` VALUES (139, 3, 'http://www.firefly.test:81/admin/system/system_config.html', 'http://www.firefly.test:81/admin/form/event_add.html', 'system_config', '添加[id:22]数据项成功', '127.0.0.1', '中国--湖北省-武汉市-电信', 'Mozilla/5.0 (Windows NT 10.0; Win64; x64) AppleWebKit/537.36 (KHTML, like Gecko) Chrome/74.0.3724.8 Safari/537.36', 0, 1, 0, 1555307317, 1555307317);
INSERT INTO `admin_log` VALUES (140, 3, 'http://www.firefly.test:81/admin/system/system_config.html', 'http://www.firefly.test:81/admin/form/event_add.html', 'system_config', '添加[id:23]数据项成功', '127.0.0.1', '中国--湖北省-武汉市-电信', 'Mozilla/5.0 (Windows NT 10.0; Win64; x64) AppleWebKit/537.36 (KHTML, like Gecko) Chrome/74.0.3724.8 Safari/537.36', 0, 1, 0, 1555307454, 1555307454);
INSERT INTO `admin_log` VALUES (141, 3, 'http://www.firefly.test:81/admin/system/system_config.html', 'http://www.firefly.test:81/admin/form/event_edit.html', 'system_config', '修改[id:19]数据项成功', '127.0.0.1', '中国--湖北省-武汉市-电信', 'Mozilla/5.0 (Windows NT 10.0; Win64; x64) AppleWebKit/537.36 (KHTML, like Gecko) Chrome/74.0.3724.8 Safari/537.36', 2, 1, 0, 1555307870, 1555307870);
INSERT INTO `admin_log` VALUES (142, 3, 'http://www.firefly.test:81/admin/system/system_config.html', 'http://www.firefly.test:81/admin/form/event_edit.html', 'system_config', '修改[id:19]数据项成功', '127.0.0.1', '中国--湖北省-武汉市-电信', 'Mozilla/5.0 (Windows NT 10.0; Win64; x64) AppleWebKit/537.36 (KHTML, like Gecko) Chrome/74.0.3724.8 Safari/537.36', 2, 1, 0, 1555307891, 1555307891);
INSERT INTO `admin_log` VALUES (143, 3, 'http://www.firefly.test:81/admin/system/system_config.html', 'http://www.firefly.test:81/admin/form/event_add.html', 'system_config', '添加[id:24]数据项成功', '127.0.0.1', '中国--湖北省-武汉市-电信', 'Mozilla/5.0 (Windows NT 10.0; Win64; x64) AppleWebKit/537.36 (KHTML, like Gecko) Chrome/74.0.3724.8 Safari/537.36', 0, 1, 0, 1555307923, 1555307923);
INSERT INTO `admin_log` VALUES (144, 3, 'http://www.firefly.test:81/admin/system/system_config.html', 'http://www.firefly.test:81/admin/form/event_edit.html', 'system_config', '修改[id:21]数据项成功', '127.0.0.1', '中国--湖北省-武汉市-电信', 'Mozilla/5.0 (Windows NT 10.0; Win64; x64) AppleWebKit/537.36 (KHTML, like Gecko) Chrome/74.0.3724.8 Safari/537.36', 2, 1, 0, 1555309901, 1555309901);
INSERT INTO `admin_log` VALUES (145, 3, 'http://www.firefly.test:81/admin/system/system_config.html', 'http://www.firefly.test:81/admin/form/event_edit.html', 'system_config', '修改[id:15]数据项成功', '127.0.0.1', '中国--湖北省-武汉市-电信', 'Mozilla/5.0 (Windows NT 10.0; Win64; x64) AppleWebKit/537.36 (KHTML, like Gecko) Chrome/74.0.3724.8 Safari/537.36', 2, 1, 0, 1555309919, 1555309919);
INSERT INTO `admin_log` VALUES (146, 3, 'http://www.firefly.test:81/admin/user/user.html', 'http://www.firefly.test:81/admin/form/upload.html', 'user', '上传成功!', '127.0.0.1', '中国--湖北省-武汉市-电信', 'Mozilla/5.0 (Windows NT 10.0; Win64; x64) AppleWebKit/537.36 (KHTML, like Gecko) Chrome/74.0.3724.8 Safari/537.36', 0, 1, 0, 1555309995, 1555309995);
INSERT INTO `admin_log` VALUES (147, 3, 'http://www.firefly.test:81/admin/user/user.html', 'http://www.firefly.test:81/admin/form/event_add.html', 'user', '添加[id:1]数据项成功', '127.0.0.1', '中国--湖北省-武汉市-电信', 'Mozilla/5.0 (Windows NT 10.0; Win64; x64) AppleWebKit/537.36 (KHTML, like Gecko) Chrome/74.0.3724.8 Safari/537.36', 0, 1, 0, 1555310034, 1555310034);
INSERT INTO `admin_log` VALUES (148, 3, 'http://www.firefly.test:81/admin/user/user.html', 'http://www.firefly.test:81/admin/form/event_edit.html', 'user', '修改[id:1]数据项成功', '127.0.0.1', '中国--湖北省-武汉市-电信', 'Mozilla/5.0 (Windows NT 10.0; Win64; x64) AppleWebKit/537.36 (KHTML, like Gecko) Chrome/74.0.3724.8 Safari/537.36', 2, 1, 0, 1555310083, 1555310083);
INSERT INTO `admin_log` VALUES (149, 3, 'http://www.firefly.test:81/admin/user/admin.html', 'http://www.firefly.test:81/admin/form/upload.html', 'admin', '上传失败上传文件后缀不允许', '127.0.0.1', '中国--湖北省-武汉市-电信', 'Mozilla/5.0 (Windows NT 10.0; Win64; x64) AppleWebKit/537.36 (KHTML, like Gecko) Chrome/74.0.3724.8 Safari/537.36', 0, 1, 0, 1555323701, 1555323701);
INSERT INTO `admin_log` VALUES (150, 3, 'http://www.firefly.test:81/admin/system/system_config.html', 'http://www.firefly.test:81/admin/form/event_edit.html', 'system_config', '修改[id:15]数据项成功', '127.0.0.1', '中国--湖北省-武汉市-电信', 'Mozilla/5.0 (Windows NT 10.0; Win64; x64) AppleWebKit/537.36 (KHTML, like Gecko) Chrome/74.0.3724.8 Safari/537.36', 2, 1, 0, 1555323797, 1555323797);
INSERT INTO `admin_log` VALUES (151, 3, 'http://www.firefly.test:81/login.html', 'http://www.firefly.test:81/admin/login/check.html', 'admin', '登录成功', '127.0.0.1', '中国--湖北省-武汉市-电信', 'Mozilla/5.0 (Windows NT 10.0; Win64; x64) AppleWebKit/537.36 (KHTML, like Gecko) Chrome/74.0.3724.8 Safari/537.36', 4, 1, 0, 1555380652, 1555380652);
INSERT INTO `admin_log` VALUES (152, 3, 'http://www.firefly.test:81/admin/user/admin.html', 'http://www.firefly.test:81/admin/form/event_edit.html', 'admin', '修改[id:4]数据项成功', '127.0.0.1', '中国--湖北省-武汉市-电信', 'Mozilla/5.0 (Windows NT 10.0; Win64; x64) AppleWebKit/537.36 (KHTML, like Gecko) Chrome/74.0.3724.8 Safari/537.36', 2, 1, 0, 1555384736, 1555384736);
INSERT INTO `admin_log` VALUES (153, 3, 'http://www.firefly.test:81/admin/system/system_config.html', 'http://www.firefly.test:81/admin/form/event_edit.html', 'system_config', '修改[id:15]数据项成功', '127.0.0.1', '中国--湖北省-武汉市-电信', 'Mozilla/5.0 (Windows NT 10.0; Win64; x64) AppleWebKit/537.36 (KHTML, like Gecko) Chrome/74.0.3724.8 Safari/537.36', 2, 1, 0, 1555399851, 1555399851);
INSERT INTO `admin_log` VALUES (154, 3, 'http://www.firefly.test:81/admin/system/system_config.html', 'http://www.firefly.test:81/admin/form/event_edit.html', 'system_config', '修改[id:15]数据项成功', '127.0.0.1', '中国--湖北省-武汉市-电信', 'Mozilla/5.0 (Windows NT 10.0; Win64; x64) AppleWebKit/537.36 (KHTML, like Gecko) Chrome/74.0.3724.8 Safari/537.36', 2, 1, 0, 1555401973, 1555401973);
INSERT INTO `admin_log` VALUES (155, 3, 'http://www.firefly.test:81/admin/mail/email.html', 'http://www.firefly.test:81/admin/form/event_add.html', 'email', 'Message has been sent', '127.0.0.1', '中国--湖北省-武汉市-电信', 'Mozilla/5.0 (Windows NT 10.0; Win64; x64) AppleWebKit/537.36 (KHTML, like Gecko) Chrome/74.0.3724.8 Safari/537.36', 6, 1, 0, 1555405186, 1555405186);
INSERT INTO `admin_log` VALUES (156, 3, 'http://www.firefly.test:81/admin/mail/email.html', 'http://www.firefly.test:81/admin/form/event_add.html', 'email', '添加[id:1]数据项成功', '127.0.0.1', '中国--湖北省-武汉市-电信', 'Mozilla/5.0 (Windows NT 10.0; Win64; x64) AppleWebKit/537.36 (KHTML, like Gecko) Chrome/74.0.3724.8 Safari/537.36', 0, 1, 0, 1555405186, 1555405186);
INSERT INTO `admin_log` VALUES (157, 3, 'http://www.firefly.test:81/admin/mail/email.html', 'http://www.firefly.test:81/admin/form/event_add.html', 'email', 'Message has been sent', '127.0.0.1', '中国--湖北省-武汉市-电信', 'Mozilla/5.0 (Windows NT 10.0; Win64; x64) AppleWebKit/537.36 (KHTML, like Gecko) Chrome/74.0.3724.8 Safari/537.36', 6, 1, 0, 1555405210, 1555405210);
INSERT INTO `admin_log` VALUES (158, 3, 'http://www.firefly.test:81/admin/mail/email.html', 'http://www.firefly.test:81/admin/form/event_add.html', 'email', '添加[id:2]数据项成功', '127.0.0.1', '中国--湖北省-武汉市-电信', 'Mozilla/5.0 (Windows NT 10.0; Win64; x64) AppleWebKit/537.36 (KHTML, like Gecko) Chrome/74.0.3724.8 Safari/537.36', 0, 1, 0, 1555405210, 1555405210);
INSERT INTO `admin_log` VALUES (159, 3, 'http://www.firefly.test/login.html', 'http://www.firefly.test/admin/login/check.html', 'admin', '登录成功', '127.0.0.1', '中国--湖北省-武汉市-电信', 'Mozilla/5.0 (Windows NT 10.0; Win64; x64) AppleWebKit/537.36 (KHTML, like Gecko) Chrome/74.0.3724.8 Safari/537.36', 4, 1, 0, 1555414237, 1555414237);
INSERT INTO `admin_log` VALUES (160, 3, 'http://www.firefly.test/admin/mail/email.html', 'http://www.firefly.test/admin/form/wangeditor_image.html', 'email', '上传成功!', '127.0.0.1', '中国--湖北省-武汉市-电信', 'Mozilla/5.0 (Windows NT 10.0; Win64; x64) AppleWebKit/537.36 (KHTML, like Gecko) Chrome/74.0.3724.8 Safari/537.36', 7, 1, 0, 1555419936, 1555419936);
INSERT INTO `admin_log` VALUES (161, 3, 'http://www.firefly.test/admin/mail/email.html', 'http://www.firefly.test/admin/form/wangeditor_image.html', 'email', '上传成功!', '127.0.0.1', '中国--湖北省-武汉市-电信', 'Mozilla/5.0 (Windows NT 10.0; Win64; x64) AppleWebKit/537.36 (KHTML, like Gecko) Chrome/74.0.3724.8 Safari/537.36', 7, 1, 0, 1555419948, 1555419948);
INSERT INTO `admin_log` VALUES (162, 3, 'http://www.firefly.test/admin/mail/email.html', 'http://www.firefly.test/admin/form/wangeditor_image.html', 'email', '上传成功!', '127.0.0.1', '中国--湖北省-武汉市-电信', 'Mozilla/5.0 (Windows NT 10.0; Win64; x64) AppleWebKit/537.36 (KHTML, like Gecko) Chrome/74.0.3724.8 Safari/537.36', 7, 1, 0, 1555419948, 1555419948);
INSERT INTO `admin_log` VALUES (163, 3, 'http://www.firefly.test/admin/mail/email.html', 'http://www.firefly.test/admin/form/wangeditor_image.html', 'email', '上传成功!', '127.0.0.1', '中国--湖北省-武汉市-电信', 'Mozilla/5.0 (Windows NT 10.0; Win64; x64) AppleWebKit/537.36 (KHTML, like Gecko) Chrome/74.0.3724.8 Safari/537.36', 7, 1, 0, 1555420272, 1555420272);
INSERT INTO `admin_log` VALUES (164, 3, 'http://www.firefly.test/admin/mail/email.html', 'http://www.firefly.test/admin/form/wangeditor_image.html', 'email', '上传成功!', '127.0.0.1', '中国--湖北省-武汉市-电信', 'Mozilla/5.0 (Windows NT 10.0; Win64; x64) AppleWebKit/537.36 (KHTML, like Gecko) Chrome/74.0.3724.8 Safari/537.36', 7, 1, 0, 1555420272, 1555420272);
INSERT INTO `admin_log` VALUES (165, 3, 'http://www.firefly.test/admin/mail/email.html', 'http://www.firefly.test/admin/form/wangeditor_image.html', 'email', '上传成功!', '127.0.0.1', '中国--湖北省-武汉市-电信', 'Mozilla/5.0 (Windows NT 10.0; Win64; x64) AppleWebKit/537.36 (KHTML, like Gecko) Chrome/74.0.3724.8 Safari/537.36', 7, 1, 0, 1555420272, 1555420272);
INSERT INTO `admin_log` VALUES (166, 3, 'http://www.firefly.test/admin/mail/email.html', 'http://www.firefly.test/admin/form/wangeditor_image.html', 'email', '上传成功!', '127.0.0.1', '中国--湖北省-武汉市-电信', 'Mozilla/5.0 (Windows NT 10.0; Win64; x64) AppleWebKit/537.36 (KHTML, like Gecko) Chrome/74.0.3724.8 Safari/537.36', 7, 1, 0, 1555420432, 1555420432);
INSERT INTO `admin_log` VALUES (167, 3, 'http://www.firefly.test/admin/mail/email.html', 'http://www.firefly.test/admin/form/wangeditor_image.html', 'email', '上传成功!', '127.0.0.1', '中国--湖北省-武汉市-电信', 'Mozilla/5.0 (Windows NT 10.0; Win64; x64) AppleWebKit/537.36 (KHTML, like Gecko) Chrome/74.0.3724.8 Safari/537.36', 7, 1, 0, 1555420432, 1555420432);
INSERT INTO `admin_log` VALUES (168, 3, 'http://www.firefly.test/admin/mail/email.html', 'http://www.firefly.test/admin/form/wangeditor_image.html', 'email', '上传成功!', '127.0.0.1', '中国--湖北省-武汉市-电信', 'Mozilla/5.0 (Windows NT 10.0; Win64; x64) AppleWebKit/537.36 (KHTML, like Gecko) Chrome/74.0.3724.8 Safari/537.36', 7, 1, 0, 1555420432, 1555420432);
INSERT INTO `admin_log` VALUES (169, 3, 'http://www.firefly.test/admin/mail/email.html', 'http://www.firefly.test/admin/form/wangeditor_image.html', 'email', '上传成功!', '127.0.0.1', '中国--湖北省-武汉市-电信', 'Mozilla/5.0 (Windows NT 10.0; Win64; x64) AppleWebKit/537.36 (KHTML, like Gecko) Chrome/74.0.3724.8 Safari/537.36', 7, 1, 0, 1555420579, 1555420579);
INSERT INTO `admin_log` VALUES (170, 3, 'http://www.firefly.test/admin/mail/email.html', 'http://www.firefly.test/admin/form/wangeditor_image.html', 'email', '上传成功!', '127.0.0.1', '中国--湖北省-武汉市-电信', 'Mozilla/5.0 (Windows NT 10.0; Win64; x64) AppleWebKit/537.36 (KHTML, like Gecko) Chrome/74.0.3724.8 Safari/537.36', 7, 1, 0, 1555420587, 1555420587);
INSERT INTO `admin_log` VALUES (171, 3, 'http://www.firefly.test/admin/mail/email.html', 'http://www.firefly.test/admin/form/wangeditor_image.html', 'email', '上传成功!', '127.0.0.1', '中国--湖北省-武汉市-电信', 'Mozilla/5.0 (Windows NT 10.0; Win64; x64) AppleWebKit/537.36 (KHTML, like Gecko) Chrome/74.0.3724.8 Safari/537.36', 7, 1, 0, 1555420625, 1555420625);
INSERT INTO `admin_log` VALUES (172, 3, 'http://www.firefly.test/admin/mail/email.html', 'http://www.firefly.test/admin/form/wangeditor_image.html', 'email', '上传成功!', '127.0.0.1', '中国--湖北省-武汉市-电信', 'Mozilla/5.0 (Windows NT 10.0; Win64; x64) AppleWebKit/537.36 (KHTML, like Gecko) Chrome/74.0.3724.8 Safari/537.36', 7, 1, 0, 1555420641, 1555420641);
INSERT INTO `admin_log` VALUES (173, 3, 'http://www.firefly.test/admin/mail/email.html', 'http://www.firefly.test/admin/form/wangeditor_image.html', 'email', '上传成功!', '127.0.0.1', '中国--湖北省-武汉市-电信', 'Mozilla/5.0 (Windows NT 10.0; Win64; x64) AppleWebKit/537.36 (KHTML, like Gecko) Chrome/74.0.3724.8 Safari/537.36', 7, 1, 0, 1555420650, 1555420650);
INSERT INTO `admin_log` VALUES (174, 3, 'http://www.firefly.test/admin/mail/email.html', 'http://www.firefly.test/admin/form/wangeditor_image.html', 'email', '上传成功!', '127.0.0.1', '中国--湖北省-武汉市-电信', 'Mozilla/5.0 (Windows NT 10.0; Win64; x64) AppleWebKit/537.36 (KHTML, like Gecko) Chrome/74.0.3724.8 Safari/537.36', 7, 1, 0, 1555420707, 1555420707);
INSERT INTO `admin_log` VALUES (175, 3, 'http://www.firefly.test/admin/mail/email.html', 'http://www.firefly.test/admin/form/wangeditor_image.html', 'email', '上传成功!', '127.0.0.1', '中国--湖北省-武汉市-电信', 'Mozilla/5.0 (Windows NT 10.0; Win64; x64) AppleWebKit/537.36 (KHTML, like Gecko) Chrome/74.0.3724.8 Safari/537.36', 7, 1, 0, 1555420707, 1555420707);
INSERT INTO `admin_log` VALUES (176, 3, 'http://www.firefly.test/admin/mail/email.html', 'http://www.firefly.test/admin/form/wangeditor_image.html', 'email', '上传成功!', '127.0.0.1', '中国--湖北省-武汉市-电信', 'Mozilla/5.0 (Windows NT 10.0; Win64; x64) AppleWebKit/537.36 (KHTML, like Gecko) Chrome/74.0.3724.8 Safari/537.36', 7, 1, 0, 1555420707, 1555420707);
INSERT INTO `admin_log` VALUES (177, 3, 'http://www.firefly.test/admin/mail/email.html', 'http://www.firefly.test/admin/form/wangeditor_image.html', 'email', '上传成功!', '127.0.0.1', '中国--湖北省-武汉市-电信', 'Mozilla/5.0 (Windows NT 10.0; Win64; x64) AppleWebKit/537.36 (KHTML, like Gecko) Chrome/74.0.3724.8 Safari/537.36', 7, 1, 0, 1555420726, 1555420726);
INSERT INTO `admin_log` VALUES (178, 3, 'http://www.firefly.test/admin/mail/email.html', 'http://www.firefly.test/admin/form/wangeditor_image.html', 'email', '上传成功!', '127.0.0.1', '中国--湖北省-武汉市-电信', 'Mozilla/5.0 (Windows NT 10.0; Win64; x64) AppleWebKit/537.36 (KHTML, like Gecko) Chrome/74.0.3724.8 Safari/537.36', 7, 1, 0, 1555420726, 1555420726);
INSERT INTO `admin_log` VALUES (179, 3, 'http://www.firefly.test/admin/mail/email.html', 'http://www.firefly.test/admin/form/wangeditor_image.html', 'email', '上传成功!', '127.0.0.1', '中国--湖北省-武汉市-电信', 'Mozilla/5.0 (Windows NT 10.0; Win64; x64) AppleWebKit/537.36 (KHTML, like Gecko) Chrome/74.0.3724.8 Safari/537.36', 7, 1, 0, 1555420726, 1555420726);
INSERT INTO `admin_log` VALUES (180, 3, 'http://www.firefly.test/admin/mail/email.html', 'http://www.firefly.test/admin/form/wangeditor_image.html', 'email', '上传成功!', '127.0.0.1', '中国--湖北省-武汉市-电信', 'Mozilla/5.0 (Windows NT 10.0; Win64; x64) AppleWebKit/537.36 (KHTML, like Gecko) Chrome/74.0.3724.8 Safari/537.36', 7, 1, 0, 1555420752, 1555420752);
INSERT INTO `admin_log` VALUES (181, 3, 'http://www.firefly.test/admin/mail/email.html', 'http://www.firefly.test/admin/form/wangeditor_image.html', 'email', '上传成功!', '127.0.0.1', '中国--湖北省-武汉市-电信', 'Mozilla/5.0 (Windows NT 10.0; Win64; x64) AppleWebKit/537.36 (KHTML, like Gecko) Chrome/74.0.3724.8 Safari/537.36', 7, 1, 0, 1555420811, 1555420811);
INSERT INTO `admin_log` VALUES (182, 3, 'http://www.firefly.test/admin/mail/email.html', 'http://www.firefly.test/admin/form/event_add.html', 'email', 'Message has been sent', '127.0.0.1', '中国--湖北省-武汉市-电信', 'Mozilla/5.0 (Windows NT 10.0; Win64; x64) AppleWebKit/537.36 (KHTML, like Gecko) Chrome/74.0.3724.8 Safari/537.36', 6, 1, 0, 1555425411, 1555425411);
INSERT INTO `admin_log` VALUES (183, 3, 'http://www.firefly.test/admin/mail/email.html', 'http://www.firefly.test/admin/form/event_add.html', 'email', '添加[id:3]数据项成功', '127.0.0.1', '中国--湖北省-武汉市-电信', 'Mozilla/5.0 (Windows NT 10.0; Win64; x64) AppleWebKit/537.36 (KHTML, like Gecko) Chrome/74.0.3724.8 Safari/537.36', 0, 1, 0, 1555425411, 1555425411);
INSERT INTO `admin_log` VALUES (184, 3, 'http://www.firefly.test/admin/mail/email.html', 'http://www.firefly.test/admin/form/wangeditor_image.html', 'email', '上传成功!', '127.0.0.1', '中国--湖北省-武汉市-电信', 'Mozilla/5.0 (Windows NT 10.0; Win64; x64) AppleWebKit/537.36 (KHTML, like Gecko) Chrome/74.0.3724.8 Safari/537.36', 7, 1, 0, 1555425507, 1555425507);
INSERT INTO `admin_log` VALUES (185, 3, 'http://www.firefly.test/admin/mail/email.html', 'http://www.firefly.test/admin/form/event_edit.html', 'email', '修改[id:3]数据项成功', '127.0.0.1', '中国--湖北省-武汉市-电信', 'Mozilla/5.0 (Windows NT 10.0; Win64; x64) AppleWebKit/537.36 (KHTML, like Gecko) Chrome/74.0.3724.8 Safari/537.36', 2, 1, 0, 1555425515, 1555425515);
INSERT INTO `admin_log` VALUES (186, 3, 'http://www.firefly.test/admin/mail/email.html', 'http://www.firefly.test/admin/form/wangeditor_image.html', 'email', '上传成功!', '127.0.0.1', '中国--湖北省-武汉市-电信', 'Mozilla/5.0 (Windows NT 10.0; Win64; x64) AppleWebKit/537.36 (KHTML, like Gecko) Chrome/74.0.3724.8 Safari/537.36', 7, 1, 0, 1555425535, 1555425535);
INSERT INTO `admin_log` VALUES (187, 3, 'http://www.firefly.test/admin/mail/email.html', 'http://www.firefly.test/admin/form/event_add.html', 'email', 'Message has been sent', '127.0.0.1', '中国--湖北省-武汉市-电信', 'Mozilla/5.0 (Windows NT 10.0; Win64; x64) AppleWebKit/537.36 (KHTML, like Gecko) Chrome/74.0.3724.8 Safari/537.36', 6, 1, 0, 1555425539, 1555425539);
INSERT INTO `admin_log` VALUES (188, 3, 'http://www.firefly.test/admin/mail/email.html', 'http://www.firefly.test/admin/form/event_add.html', 'email', '添加[id:4]数据项成功', '127.0.0.1', '中国--湖北省-武汉市-电信', 'Mozilla/5.0 (Windows NT 10.0; Win64; x64) AppleWebKit/537.36 (KHTML, like Gecko) Chrome/74.0.3724.8 Safari/537.36', 0, 1, 0, 1555425539, 1555425539);
INSERT INTO `admin_log` VALUES (189, 3, 'http://www.firefly.test:81/login.html', 'http://www.firefly.test:81/admin/login/check.html', 'admin', '登录成功', '127.0.0.1', '中国--湖北省-武汉市-电信', 'Mozilla/5.0 (Windows NT 10.0; Win64; x64) AppleWebKit/537.36 (KHTML, like Gecko) Chrome/74.0.3724.8 Safari/537.36', 4, 1, 0, 1555467131, 1555467131);
INSERT INTO `admin_log` VALUES (190, 3, 'http://www.firefly.test:81/admin/mail/email.html', 'http://www.firefly.test:81/admin/form/wangeditor_image.html', 'email', '上传成功!', '127.0.0.1', '中国--湖北省-武汉市-电信', 'Mozilla/5.0 (Windows NT 10.0; Win64; x64) AppleWebKit/537.36 (KHTML, like Gecko) Chrome/74.0.3724.8 Safari/537.36', 7, 1, 0, 1555467165, 1555467165);
INSERT INTO `admin_log` VALUES (191, 3, 'http://www.firefly.test:81/admin/user/user.html', 'http://www.firefly.test:81/admin/form/upload.html', 'user', '上传成功!', '127.0.0.1', '中国--湖北省-武汉市-电信', 'Mozilla/5.0 (Windows NT 10.0; Win64; x64) AppleWebKit/537.36 (KHTML, like Gecko) Chrome/74.0.3724.8 Safari/537.36', 7, 1, 0, 1555467480, 1555467480);
INSERT INTO `admin_log` VALUES (192, 3, 'http://www.firefly.test:81/admin/user/user.html', 'http://www.firefly.test:81/admin/form/event_add.html', 'user', '添加[id:2]数据项成功', '127.0.0.1', '中国--湖北省-武汉市-电信', 'Mozilla/5.0 (Windows NT 10.0; Win64; x64) AppleWebKit/537.36 (KHTML, like Gecko) Chrome/74.0.3724.8 Safari/537.36', 0, 1, 0, 1555467706, 1555467706);
INSERT INTO `admin_log` VALUES (193, 3, 'http://www.firefly.test:81/admin/mail/email.html', 'http://www.firefly.test:81/admin/form/event_add.html', 'email', 'Message has been sent', '127.0.0.1', '中国--湖北省-武汉市-电信', 'Mozilla/5.0 (Windows NT 10.0; Win64; x64) AppleWebKit/537.36 (KHTML, like Gecko) Chrome/74.0.3724.8 Safari/537.36', 6, 1, 0, 1555468035, 1555468035);
INSERT INTO `admin_log` VALUES (194, 3, 'http://www.firefly.test:81/admin/mail/email.html', 'http://www.firefly.test:81/admin/form/event_add.html', 'email', '添加[id:5]数据项成功', '127.0.0.1', '中国--湖北省-武汉市-电信', 'Mozilla/5.0 (Windows NT 10.0; Win64; x64) AppleWebKit/537.36 (KHTML, like Gecko) Chrome/74.0.3724.8 Safari/537.36', 0, 1, 0, 1555468035, 1555468035);
INSERT INTO `admin_log` VALUES (195, 3, 'http://www.firefly.test:81/admin/system/system_config.html', 'http://www.firefly.test:81/admin/form/event_edit.html', 'system_config', '修改[id:21]数据项成功', '127.0.0.1', '中国--湖北省-武汉市-电信', 'Mozilla/5.0 (Windows NT 10.0; Win64; x64) AppleWebKit/537.36 (KHTML, like Gecko) Chrome/74.0.3724.8 Safari/537.36', 2, 1, 0, 1555470308, 1555470308);
INSERT INTO `admin_log` VALUES (196, 3, 'http://www.firefly.test:81/admin/system/system_config.html', 'http://www.firefly.test:81/admin/form/event_edit.html', 'system_config', '修改[id:17]数据项成功', '127.0.0.1', '中国--湖北省-武汉市-电信', 'Mozilla/5.0 (Windows NT 10.0; Win64; x64) AppleWebKit/537.36 (KHTML, like Gecko) Chrome/74.0.3724.8 Safari/537.36', 2, 1, 0, 1555470325, 1555470325);
INSERT INTO `admin_log` VALUES (197, 3, 'http://www.firefly.test:81/admin/system/system_config.html', 'http://www.firefly.test:81/admin/form/event_edit.html', 'system_config', '修改[id:19]数据项成功', '127.0.0.1', '中国--湖北省-武汉市-电信', 'Mozilla/5.0 (Windows NT 10.0; Win64; x64) AppleWebKit/537.36 (KHTML, like Gecko) Chrome/74.0.3724.8 Safari/537.36', 2, 1, 0, 1555470337, 1555470337);
INSERT INTO `admin_log` VALUES (198, 3, 'http://www.firefly.test:81/admin/system/system_config.html', 'http://www.firefly.test:81/admin/form/event_edit.html', 'system_config', '修改[id:24]数据项成功', '127.0.0.1', '中国--湖北省-武汉市-电信', 'Mozilla/5.0 (Windows NT 10.0; Win64; x64) AppleWebKit/537.36 (KHTML, like Gecko) Chrome/74.0.3724.8 Safari/537.36', 2, 1, 0, 1555470351, 1555470351);
INSERT INTO `admin_log` VALUES (199, 3, 'http://www.firefly.test:81/admin/mail/email.html', 'http://www.firefly.test:81/admin/form/wangeditor_image.html', 'email', '上传成功!', '127.0.0.1', '中国--湖北省-武汉市-电信', 'Mozilla/5.0 (Windows NT 10.0; Win64; x64) AppleWebKit/537.36 (KHTML, like Gecko) Chrome/74.0.3724.8 Safari/537.36', 7, 1, 0, 1555470376, 1555470376);
INSERT INTO `admin_log` VALUES (200, 3, 'http://www.firefly.test:81/admin/mail/email.html', 'http://www.firefly.test:81/admin/form/upload.html', 'email', '上传成功!', '127.0.0.1', '中国--湖北省-武汉市-电信', 'Mozilla/5.0 (Windows NT 10.0; Win64; x64) AppleWebKit/537.36 (KHTML, like Gecko) Chrome/74.0.3724.8 Safari/537.36', 7, 1, 0, 1555470386, 1555470386);
INSERT INTO `admin_log` VALUES (201, 3, 'http://www.firefly.test:81/admin/system/system_config.html', 'http://www.firefly.test:81/admin/form/event_edit.html', 'system_config', '修改[id:17]数据项成功', '127.0.0.1', '中国--湖北省-武汉市-电信', 'Mozilla/5.0 (Windows NT 10.0; Win64; x64) AppleWebKit/537.36 (KHTML, like Gecko) Chrome/74.0.3724.8 Safari/537.36', 2, 1, 0, 1555470510, 1555470510);
INSERT INTO `admin_log` VALUES (202, 3, 'http://www.firefly.test:81/admin/system/system_config.html', 'http://www.firefly.test:81/admin/form/event_edit.html', 'system_config', '修改[id:19]数据项成功', '127.0.0.1', '中国--湖北省-武汉市-电信', 'Mozilla/5.0 (Windows NT 10.0; Win64; x64) AppleWebKit/537.36 (KHTML, like Gecko) Chrome/74.0.3724.8 Safari/537.36', 2, 1, 0, 1555470668, 1555470668);
INSERT INTO `admin_log` VALUES (203, 3, 'http://www.firefly.test:81/admin/mail/email.html', 'http://www.firefly.test:81/admin/form/event_add.html', 'email', 'Message has been sent', '127.0.0.1', '中国--湖北省-武汉市-电信', 'Mozilla/5.0 (Windows NT 10.0; Win64; x64) AppleWebKit/537.36 (KHTML, like Gecko) Chrome/74.0.3724.8 Safari/537.36', 6, 1, 0, 1555470710, 1555470710);
INSERT INTO `admin_log` VALUES (204, 3, 'http://www.firefly.test:81/admin/mail/email.html', 'http://www.firefly.test:81/admin/form/event_add.html', 'email', '添加[id:6]数据项成功', '127.0.0.1', '中国--湖北省-武汉市-电信', 'Mozilla/5.0 (Windows NT 10.0; Win64; x64) AppleWebKit/537.36 (KHTML, like Gecko) Chrome/74.0.3724.8 Safari/537.36', 0, 1, 0, 1555470710, 1555470710);
INSERT INTO `admin_log` VALUES (205, 3, 'http://www.firefly.test:81/admin/mail/email.html', 'http://www.firefly.test:81/admin/form/wangeditor_image.html', 'email', '上传成功!', '127.0.0.1', '中国--湖北省-武汉市-电信', 'Mozilla/5.0 (Windows NT 10.0; Win64; x64) AppleWebKit/537.36 (KHTML, like Gecko) Chrome/74.0.3724.8 Safari/537.36', 7, 1, 0, 1555470965, 1555470965);
INSERT INTO `admin_log` VALUES (206, 3, 'http://www.firefly.test:81/admin/mail/email.html', 'http://www.firefly.test:81/admin/form/event_add.html', 'email', 'Message has been sent', '127.0.0.1', '中国--湖北省-武汉市-电信', 'Mozilla/5.0 (Windows NT 10.0; Win64; x64) AppleWebKit/537.36 (KHTML, like Gecko) Chrome/74.0.3724.8 Safari/537.36', 6, 1, 0, 1555471209, 1555471209);
INSERT INTO `admin_log` VALUES (207, 3, 'http://www.firefly.test:81/admin/mail/email.html', 'http://www.firefly.test:81/admin/form/event_add.html', 'email', '添加[id:7]数据项成功', '127.0.0.1', '中国--湖北省-武汉市-电信', 'Mozilla/5.0 (Windows NT 10.0; Win64; x64) AppleWebKit/537.36 (KHTML, like Gecko) Chrome/74.0.3724.8 Safari/537.36', 0, 1, 0, 1555471209, 1555471209);
INSERT INTO `admin_log` VALUES (208, 3, 'http://www.firefly.test:81/admin/mail/email.html', 'http://www.firefly.test:81/admin/form/wangeditor_image.html', 'email', '上传成功!', '127.0.0.1', '中国--湖北省-武汉市-电信', 'Mozilla/5.0 (Windows NT 10.0; Win64; x64) AppleWebKit/537.36 (KHTML, like Gecko) Chrome/74.0.3724.8 Safari/537.36', 7, 1, 0, 1555471291, 1555471291);
INSERT INTO `admin_log` VALUES (209, 3, 'http://www.firefly.test:81/admin/mail/email.html', 'http://www.firefly.test:81/admin/form/event_add.html', 'email', 'Message has been sent', '127.0.0.1', '中国--湖北省-武汉市-电信', 'Mozilla/5.0 (Windows NT 10.0; Win64; x64) AppleWebKit/537.36 (KHTML, like Gecko) Chrome/74.0.3724.8 Safari/537.36', 6, 1, 0, 1555471295, 1555471295);
INSERT INTO `admin_log` VALUES (210, 3, 'http://www.firefly.test:81/admin/mail/email.html', 'http://www.firefly.test:81/admin/form/event_add.html', 'email', '添加[id:8]数据项成功', '127.0.0.1', '中国--湖北省-武汉市-电信', 'Mozilla/5.0 (Windows NT 10.0; Win64; x64) AppleWebKit/537.36 (KHTML, like Gecko) Chrome/74.0.3724.8 Safari/537.36', 0, 1, 0, 1555471295, 1555471295);
INSERT INTO `admin_log` VALUES (211, 3, 'http://www.firefly.test:81/admin/system/menu.html', 'http://www.firefly.test:81/admin/form/event_add.html', 'menu', '添加[id:30]数据项成功', '127.0.0.1', '中国--湖北省-武汉市-电信', 'Mozilla/5.0 (Windows NT 10.0; Win64; x64) AppleWebKit/537.36 (KHTML, like Gecko) Chrome/74.0.3724.8 Safari/537.36', 0, 1, 0, 1555494463, 1555494463);
INSERT INTO `admin_log` VALUES (212, 3, 'http://www.firefly.test:81/admin/system/menu.html', 'http://www.firefly.test:81/admin/form/event_add.html', 'menu', '添加[id:31]数据项成功', '127.0.0.1', '中国--湖北省-武汉市-电信', 'Mozilla/5.0 (Windows NT 10.0; Win64; x64) AppleWebKit/537.36 (KHTML, like Gecko) Chrome/74.0.3724.8 Safari/537.36', 0, 1, 0, 1555495763, 1555495763);
INSERT INTO `admin_log` VALUES (213, 3, 'http://www.firefly.test/login.html', 'http://www.firefly.test/admin/login/check.html', 'admin', '登录成功', '127.0.0.1', '中国--湖北省-武汉市-电信', 'Mozilla/5.0 (Windows NT 10.0; Win64; x64) AppleWebKit/537.36 (KHTML, like Gecko) Chrome/74.0.3724.8 Safari/537.36', 4, 1, 0, 1555506472, 1555506472);
INSERT INTO `admin_log` VALUES (214, 3, 'http://www.firefly.test/admin/system/menu.html', 'http://www.firefly.test/admin/form/event_edit.html', 'menu', '修改[id:28]数据项成功', '127.0.0.1', '中国--湖北省-武汉市-电信', 'Mozilla/5.0 (Windows NT 10.0; Win64; x64) AppleWebKit/537.36 (KHTML, like Gecko) Chrome/74.0.3724.8 Safari/537.36', 2, 1, 0, 1555506903, 1555506903);
INSERT INTO `admin_log` VALUES (215, 3, 'http://www.firefly.test/admin/system/menu.html', 'http://www.firefly.test/admin/form/event_add.html', 'menu', '添加[id:32]数据项成功', '127.0.0.1', '中国--湖北省-武汉市-电信', 'Mozilla/5.0 (Windows NT 10.0; Win64; x64) AppleWebKit/537.36 (KHTML, like Gecko) Chrome/74.0.3724.8 Safari/537.36', 0, 1, 0, 1555509944, 1555509944);
INSERT INTO `admin_log` VALUES (216, 3, 'http://www.firefly.test/admin/system/menu.html', 'http://www.firefly.test/admin/form/event_add.html', 'menu', '添加[id:33]数据项成功', '127.0.0.1', '中国--湖北省-武汉市-电信', 'Mozilla/5.0 (Windows NT 10.0; Win64; x64) AppleWebKit/537.36 (KHTML, like Gecko) Chrome/74.0.3724.8 Safari/537.36', 0, 1, 0, 1555510071, 1555510071);
INSERT INTO `admin_log` VALUES (217, 3, 'http://www.firefly.test/admin/system/menu.html', 'http://www.firefly.test/admin/form/event_edit.html', 'menu', '修改[id:33]数据项成功', '127.0.0.1', '中国--湖北省-武汉市-电信', 'Mozilla/5.0 (Windows NT 10.0; Win64; x64) AppleWebKit/537.36 (KHTML, like Gecko) Chrome/74.0.3724.8 Safari/537.36', 2, 1, 0, 1555510091, 1555510091);
INSERT INTO `admin_log` VALUES (218, 3, 'http://www.firefly.test/admin/system/menu.html', 'http://www.firefly.test/admin/form/event_add.html', 'menu', '添加[id:34]数据项成功', '127.0.0.1', '中国--湖北省-武汉市-电信', 'Mozilla/5.0 (Windows NT 10.0; Win64; x64) AppleWebKit/537.36 (KHTML, like Gecko) Chrome/74.0.3724.8 Safari/537.36', 0, 1, 0, 1555511265, 1555511265);
INSERT INTO `admin_log` VALUES (219, 3, 'http://www.firefly.test/admin/system/menu.html', 'http://www.firefly.test/admin/form/event_add.html', 'menu', '添加[id:35]数据项成功', '127.0.0.1', '中国--湖北省-武汉市-电信', 'Mozilla/5.0 (Windows NT 10.0; Win64; x64) AppleWebKit/537.36 (KHTML, like Gecko) Chrome/74.0.3724.8 Safari/537.36', 0, 1, 0, 1555511359, 1555511359);
INSERT INTO `admin_log` VALUES (220, 3, 'http://www.firefly.test/admin/system/menu.html', 'http://www.firefly.test/admin/form/event_add.html', 'menu', '添加[id:36]数据项成功', '127.0.0.1', '', 'Mozilla/5.0 (Windows NT 10.0; Win64; x64) AppleWebKit/537.36 (KHTML, like Gecko) Chrome/74.0.3724.8 Safari/537.36', 0, 1, 0, 1555512849, 1555512849);
INSERT INTO `admin_log` VALUES (221, 3, 'http://www.firefly.test/admin/system/menu.html', 'http://www.firefly.test/admin/form/event_add.html', 'menu', '添加[id:37]数据项成功', '127.0.0.1', '', 'Mozilla/5.0 (Windows NT 10.0; Win64; x64) AppleWebKit/537.36 (KHTML, like Gecko) Chrome/74.0.3724.8 Safari/537.36', 0, 1, 0, 1555513140, 1555513140);
INSERT INTO `admin_log` VALUES (222, 3, 'http://www.firefly.test/admin/system/menu.html', 'http://www.firefly.test/admin/form/event_add.html', 'menu', '添加[id:38]数据项成功', '127.0.0.1', '', 'Mozilla/5.0 (Windows NT 10.0; Win64; x64) AppleWebKit/537.36 (KHTML, like Gecko) Chrome/74.0.3724.8 Safari/537.36', 0, 1, 0, 1555513182, 1555513182);
INSERT INTO `admin_log` VALUES (223, 3, 'http://www.firefly.test/admin/system/menu.html', 'http://www.firefly.test/admin/form/event_add.html', 'menu', '添加[id:39]数据项成功', '127.0.0.1', '', 'Mozilla/5.0 (Windows NT 10.0; Win64; x64) AppleWebKit/537.36 (KHTML, like Gecko) Chrome/74.0.3724.8 Safari/537.36', 0, 1, 0, 1555513221, 1555513221);
INSERT INTO `admin_log` VALUES (224, 3, 'http://www.firefly.test/admin/system/menu.html', 'http://www.firefly.test/admin/form/event_edit.html', 'menu', '修改[id:39]数据项成功', '127.0.0.1', '中国--湖北省-武汉市-电信', 'Mozilla/5.0 (Windows NT 10.0; Win64; x64) AppleWebKit/537.36 (KHTML, like Gecko) Chrome/74.0.3724.8 Safari/537.36', 2, 1, 0, 1555545176, 1555545176);
INSERT INTO `admin_log` VALUES (225, 3, 'http://www.firefly.test/login.html', 'http://www.firefly.test/admin/login/check.html', 'admin', '登录成功', '127.0.0.1', '中国--湖北省-武汉市-电信', 'Mozilla/5.0 (Windows NT 10.0; Win64; x64) AppleWebKit/537.36 (KHTML, like Gecko) Chrome/74.0.3724.8 Safari/537.36', 4, 1, 0, 1555821942, 1555821942);
INSERT INTO `admin_log` VALUES (226, 3, 'http://www.firefly.test:81/login.html', 'http://www.firefly.test:81/admin/login/check.html', 'admin', '登录成功', '127.0.0.1', '中国--湖北省-武汉市-电信', 'Mozilla/5.0 (Windows NT 10.0; Win64; x64) AppleWebKit/537.36 (KHTML, like Gecko) Chrome/74.0.3724.8 Safari/537.36', 4, 1, 0, 1555923236, 1555923236);
INSERT INTO `admin_log` VALUES (227, 3, 'http://www.firefly.test:81/admin/index/index.html', 'http://www.firefly.test:81/admin/login/logout.html', 'admin', '退出成功', '127.0.0.1', '中国--湖北省-武汉市-电信', 'Mozilla/5.0 (Windows NT 10.0; Win64; x64) AppleWebKit/537.36 (KHTML, like Gecko) Chrome/74.0.3724.8 Safari/537.36', 5, 1, 0, 1555926724, 1555926724);
INSERT INTO `admin_log` VALUES (228, 3, 'http://www.firefly.test:81/login.html', 'http://www.firefly.test:81/admin/login/check.html', 'admin', '登录成功', '127.0.0.1', '中国--湖北省-武汉市-电信', 'Mozilla/5.0 (Windows NT 10.0; Win64; x64) AppleWebKit/537.36 (KHTML, like Gecko) Chrome/74.0.3724.8 Safari/537.36', 4, 1, 0, 1555926727, 1555926727);
INSERT INTO `admin_log` VALUES (229, 3, 'http://www.firefly.test:81/admin/user/admin.html', 'http://www.firefly.test:81/admin/login/logout.html', 'admin', '退出成功', '127.0.0.1', '中国--湖北省-武汉市-电信', 'Mozilla/5.0 (Windows NT 10.0; Win64; x64) AppleWebKit/537.36 (KHTML, like Gecko) Chrome/74.0.3724.8 Safari/537.36', 5, 1, 0, 1555926744, 1555926744);
INSERT INTO `admin_log` VALUES (230, 4, 'http://www.firefly.test:81/login.html', 'http://www.firefly.test:81/admin/login/check.html', 'admin', '登录成功', '127.0.0.1', '中国--湖北省-武汉市-电信', 'Mozilla/5.0 (Windows NT 10.0; Win64; x64) AppleWebKit/537.36 (KHTML, like Gecko) Chrome/74.0.3724.8 Safari/537.36', 4, 1, 0, 1555926750, 1555926750);
INSERT INTO `admin_log` VALUES (231, 4, 'http://www.firefly.test:81/admin/index/index.html', 'http://www.firefly.test:81/admin/login/logout.html', 'admin', '退出成功', '127.0.0.1', '中国--湖北省-武汉市-电信', 'Mozilla/5.0 (Windows NT 10.0; Win64; x64) AppleWebKit/537.36 (KHTML, like Gecko) Chrome/74.0.3724.8 Safari/537.36', 5, 1, 0, 1555927215, 1555927215);
INSERT INTO `admin_log` VALUES (232, 3, 'http://www.firefly.test:81/login.html', 'http://www.firefly.test:81/admin/login/check.html', 'admin', '登录成功', '127.0.0.1', '中国--湖北省-武汉市-电信', 'Mozilla/5.0 (Windows NT 10.0; Win64; x64) AppleWebKit/537.36 (KHTML, like Gecko) Chrome/74.0.3724.8 Safari/537.36', 4, 1, 0, 1555927223, 1555927223);
INSERT INTO `admin_log` VALUES (233, 3, 'http://www.firefly.test:81/admin/index/index.html', 'http://www.firefly.test:81/admin/login/logout.html', 'admin', '退出成功', '127.0.0.1', '中国--湖北省-武汉市-电信', 'Mozilla/5.0 (Windows NT 10.0; Win64; x64) AppleWebKit/537.36 (KHTML, like Gecko) Chrome/74.0.3724.8 Safari/537.36', 5, 1, 0, 1555927277, 1555927277);
INSERT INTO `admin_log` VALUES (234, 3, 'http://www.firefly.test:81/login.html', 'http://www.firefly.test:81/admin/login/check.html', 'admin', '登录成功', '127.0.0.1', '中国--湖北省-武汉市-电信', 'Mozilla/5.0 (Windows NT 10.0; Win64; x64) AppleWebKit/537.36 (KHTML, like Gecko) Chrome/74.0.3724.8 Safari/537.36', 4, 1, 0, 1555927281, 1555927281);
INSERT INTO `admin_log` VALUES (235, 3, 'http://www.firefly.test:81/admin/system/menu.html', 'http://www.firefly.test:81/admin/form/event_edit.html', 'menu', '修改[id:6]数据项成功', '127.0.0.1', '中国--湖北省-武汉市-电信', 'Mozilla/5.0 (Windows NT 10.0; Win64; x64) AppleWebKit/537.36 (KHTML, like Gecko) Chrome/74.0.3724.8 Safari/537.36', 2, 1, 0, 1555927896, 1555927896);
INSERT INTO `admin_log` VALUES (236, 3, 'http://www.firefly.test:81/admin/system/menu.html', 'http://www.firefly.test:81/admin/form/event_edit.html', 'menu', '修改[id:5]数据项成功', '127.0.0.1', '中国--湖北省-武汉市-电信', 'Mozilla/5.0 (Windows NT 10.0; Win64; x64) AppleWebKit/537.36 (KHTML, like Gecko) Chrome/74.0.3724.8 Safari/537.36', 2, 1, 0, 1555927911, 1555927911);
INSERT INTO `admin_log` VALUES (237, 3, 'http://www.firefly.test:81/admin/system/menu.html', 'http://www.firefly.test:81/admin/form/event_edit.html', 'menu', '修改[id:6]数据项成功', '127.0.0.1', '中国--湖北省-武汉市-电信', 'Mozilla/5.0 (Windows NT 10.0; Win64; x64) AppleWebKit/537.36 (KHTML, like Gecko) Chrome/74.0.3724.8 Safari/537.36', 2, 1, 0, 1555927921, 1555927921);
INSERT INTO `admin_log` VALUES (238, 3, 'http://www.firefly.test:81/admin/system/menu.html', 'http://www.firefly.test:81/admin/form/event_edit.html', 'menu', '修改[id:5]数据项成功', '127.0.0.1', '中国--湖北省-武汉市-电信', 'Mozilla/5.0 (Windows NT 10.0; Win64; x64) AppleWebKit/537.36 (KHTML, like Gecko) Chrome/74.0.3724.8 Safari/537.36', 2, 1, 0, 1555927927, 1555927927);
INSERT INTO `admin_log` VALUES (239, 3, 'http://www.firefly.test/login.html', 'http://www.firefly.test/admin/login/check.html', 'admin', '登录成功', '127.0.0.1', '中国--湖北省-武汉市-电信', 'Mozilla/5.0 (Windows NT 10.0; Win64; x64) AppleWebKit/537.36 (KHTML, like Gecko) Chrome/74.0.3724.8 Safari/537.36', 4, 1, 0, 1555983749, 1555983749);
INSERT INTO `admin_log` VALUES (240, 3, 'http://www.firefly.test/admin/mail/email.html', 'http://www.firefly.test/admin/form/wangeditor_image.html', 'email', '上传成功!', '127.0.0.1', '中国--湖北省-武汉市-电信', 'Mozilla/5.0 (Windows NT 10.0; Win64; x64) AppleWebKit/537.36 (KHTML, like Gecko) Chrome/74.0.3724.8 Safari/537.36', 7, 1, 0, 1555983861, 1555983861);
INSERT INTO `admin_log` VALUES (241, 3, 'http://www.firefly.test/admin/mail/email.html', 'http://www.firefly.test/admin/form/event_add.html', 'email', 'Message has been sent', '127.0.0.1', '中国--湖北省-武汉市-电信', 'Mozilla/5.0 (Windows NT 10.0; Win64; x64) AppleWebKit/537.36 (KHTML, like Gecko) Chrome/74.0.3724.8 Safari/537.36', 6, 1, 0, 1555983899, 1555983899);
INSERT INTO `admin_log` VALUES (242, 3, 'http://www.firefly.test/admin/mail/email.html', 'http://www.firefly.test/admin/form/event_add.html', 'email', '添加[id:9]数据项成功', '127.0.0.1', '中国--湖北省-武汉市-电信', 'Mozilla/5.0 (Windows NT 10.0; Win64; x64) AppleWebKit/537.36 (KHTML, like Gecko) Chrome/74.0.3724.8 Safari/537.36', 0, 1, 0, 1555983899, 1555983899);
INSERT INTO `admin_log` VALUES (243, 3, 'http://www.firefly.test/admin/mail/email.html', 'http://www.firefly.test/admin/form/upload.html', 'email', '上传成功!', '127.0.0.1', '中国--湖北省-武汉市-电信', 'Mozilla/5.0 (Windows NT 10.0; Win64; x64) AppleWebKit/537.36 (KHTML, like Gecko) Chrome/74.0.3724.8 Safari/537.36', 7, 1, 0, 1555984243, 1555984243);
INSERT INTO `admin_log` VALUES (244, 3, 'http://www.firefly.test/admin/mail/email.html', 'http://www.firefly.test/admin/form/upload.html', 'email', '上传成功!', '127.0.0.1', '中国--湖北省-武汉市-电信', 'Mozilla/5.0 (Windows NT 10.0; Win64; x64) AppleWebKit/537.36 (KHTML, like Gecko) Chrome/74.0.3724.8 Safari/537.36', 7, 1, 0, 1555984570, 1555984570);
INSERT INTO `admin_log` VALUES (245, 3, 'http://www.firefly.test/admin/user/user.html', 'http://www.firefly.test/admin/form/event_edit.html', 'user', '修改[id:2]数据项成功', '127.0.0.1', '中国--湖北省-武汉市-电信', 'Mozilla/5.0 (Windows NT 10.0; Win64; x64) AppleWebKit/537.36 (KHTML, like Gecko) Chrome/74.0.3724.8 Safari/537.36', 2, 1, 0, 1555986285, 1555986285);
INSERT INTO `admin_log` VALUES (246, 3, 'http://www.firefly.test/admin/user/user.html', 'http://www.firefly.test/admin/form/event_edit.html', 'user', '修改[id:1]数据项成功', '127.0.0.1', '中国--湖北省-武汉市-电信', 'Mozilla/5.0 (Windows NT 10.0; Win64; x64) AppleWebKit/537.36 (KHTML, like Gecko) Chrome/74.0.3724.8 Safari/537.36', 2, 1, 0, 1555986296, 1555986296);
INSERT INTO `admin_log` VALUES (247, 3, 'http://www.firefly.test/admin/system/system_config.html', 'http://www.firefly.test/admin/form/event_edit.html', 'system_config', '修改[id:16]数据项成功', '127.0.0.1', '中国--湖北省-武汉市-电信', 'Mozilla/5.0 (Windows NT 10.0; Win64; x64) AppleWebKit/537.36 (KHTML, like Gecko) Chrome/74.0.3724.8 Safari/537.36', 2, 1, 0, 1555986999, 1555986999);
INSERT INTO `admin_log` VALUES (248, NULL, 'http://127.0.0.1:8081/login', 'http://www.firefly.test/api/user/login', 'user', '登录成功', '127.0.0.1', '中国--湖北省-武汉市-电信', 'Mozilla/5.0 (Windows NT 10.0; Win64; x64) AppleWebKit/537.36 (KHTML, like Gecko) Chrome/74.0.3724.8 Safari/537.36', 0, 1, 0, 1556100018, 1556100018);
INSERT INTO `admin_log` VALUES (249, NULL, 'http://127.0.0.1:8081/login', 'http://www.firefly.test/api/user/login', 'user', '登录成功', '127.0.0.1', '中国--湖北省-武汉市-电信', 'Mozilla/5.0 (Windows NT 10.0; Win64; x64) AppleWebKit/537.36 (KHTML, like Gecko) Chrome/74.0.3724.8 Safari/537.36', 0, 1, 0, 1556100072, 1556100072);
INSERT INTO `admin_log` VALUES (250, 3, 'http://www.firefly.test/login.html', 'http://www.firefly.test/admin/login/check.html', 'admin', '登录成功', '127.0.0.1', '中国--湖北省-武汉市-电信', 'Mozilla/5.0 (Windows NT 10.0; Win64; x64) AppleWebKit/537.36 (KHTML, like Gecko) Chrome/74.0.3724.8 Safari/537.36', 4, 1, 0, 1556100527, 1556100527);
INSERT INTO `admin_log` VALUES (251, 3, 'http://www.firefly.test/admin/user/user.html', 'http://www.firefly.test/admin/form/event_edit.html', 'user', '修改[id:1]数据项成功', '127.0.0.1', '中国--湖北省-武汉市-电信', 'Mozilla/5.0 (Windows NT 10.0; Win64; x64) AppleWebKit/537.36 (KHTML, like Gecko) Chrome/74.0.3724.8 Safari/537.36', 2, 1, 0, 1556100544, 1556100544);
INSERT INTO `admin_log` VALUES (252, NULL, 'http://127.0.0.1:8081/login', 'http://www.firefly.test/api/user/login', 'user', '登录成功', '127.0.0.1', '中国--湖北省-武汉市-电信', 'Mozilla/5.0 (Windows NT 10.0; Win64; x64) AppleWebKit/537.36 (KHTML, like Gecko) Chrome/74.0.3724.8 Safari/537.36', 0, 1, 0, 1556100739, 1556100739);
INSERT INTO `admin_log` VALUES (253, NULL, 'http://127.0.0.1:8082/login', 'http://www.firefly.test/api/user/login', 'user', '登录成功', '127.0.0.1', '中国--湖北省-武汉市-电信', 'Mozilla/5.0 (Windows NT 10.0; Win64; x64) AppleWebKit/537.36 (KHTML, like Gecko) Chrome/74.0.3724.8 Safari/537.36', 0, 1, 0, 1556102816, 1556102816);
INSERT INTO `admin_log` VALUES (254, NULL, 'http://127.0.0.1:8082/login', 'http://www.firefly.test/api/user/login', 'user', '登录成功', '127.0.0.1', '中国--湖北省-武汉市-电信', 'Mozilla/5.0 (Windows NT 10.0; Win64; x64) AppleWebKit/537.36 (KHTML, like Gecko) Chrome/74.0.3724.8 Safari/537.36', 0, 1, 0, 1556103304, 1556103304);
INSERT INTO `admin_log` VALUES (255, NULL, 'http://127.0.0.1:8082/login', 'http://www.firefly.test/api/user/login', 'user', '登录成功', '127.0.0.1', '中国--湖北省-武汉市-电信', 'Mozilla/5.0 (Windows NT 10.0; Win64; x64) AppleWebKit/537.36 (KHTML, like Gecko) Chrome/74.0.3724.8 Safari/537.36', 0, 1, 0, 1556103607, 1556103607);
INSERT INTO `admin_log` VALUES (256, NULL, 'http://127.0.0.1:8082/login', 'http://www.firefly.test/api/user/login', 'user', '登录成功', '127.0.0.1', '中国--湖北省-武汉市-电信', 'Mozilla/5.0 (Windows NT 10.0; Win64; x64) AppleWebKit/537.36 (KHTML, like Gecko) Chrome/74.0.3724.8 Safari/537.36', 0, 1, 0, 1556103704, 1556103704);
INSERT INTO `admin_log` VALUES (257, NULL, 'http://127.0.0.1:8082/login', 'http://www.firefly.test/api/user/login', 'user', '登录成功', '127.0.0.1', '中国--湖北省-武汉市-电信', 'Mozilla/5.0 (Windows NT 10.0; Win64; x64) AppleWebKit/537.36 (KHTML, like Gecko) Chrome/74.0.3724.8 Safari/537.36', 0, 1, 0, 1556104208, 1556104208);
INSERT INTO `admin_log` VALUES (258, NULL, 'http://127.0.0.1:8082/login', 'http://www.firefly.test/api/user/login', 'user', '登录成功', '127.0.0.1', '中国--湖北省-武汉市-电信', 'Mozilla/5.0 (Windows NT 10.0; Win64; x64) AppleWebKit/537.36 (KHTML, like Gecko) Chrome/74.0.3724.8 Safari/537.36', 0, 1, 0, 1556104240, 1556104240);
INSERT INTO `admin_log` VALUES (259, NULL, 'http://127.0.0.1:8082/login', 'http://www.firefly.test/api/user/login', 'user', '登录成功', '127.0.0.1', '中国--湖北省-武汉市-电信', 'Mozilla/5.0 (Windows NT 10.0; Win64; x64) AppleWebKit/537.36 (KHTML, like Gecko) Chrome/74.0.3724.8 Safari/537.36', 0, 1, 0, 1556104289, 1556104289);
INSERT INTO `admin_log` VALUES (260, NULL, 'http://127.0.0.1:8082/login', 'http://www.firefly.test/api/user/login', 'user', '登录成功', '127.0.0.1', '中国--湖北省-武汉市-电信', 'Mozilla/5.0 (Windows NT 10.0; Win64; x64) AppleWebKit/537.36 (KHTML, like Gecko) Chrome/74.0.3724.8 Safari/537.36', 0, 1, 0, 1556104523, 1556104523);
INSERT INTO `admin_log` VALUES (261, NULL, 'http://127.0.0.1:8082/login', 'http://www.firefly.test/api/user/login', 'user', '登录成功', '127.0.0.1', '中国--湖北省-武汉市-电信', 'Mozilla/5.0 (Windows NT 10.0; Win64; x64) AppleWebKit/537.36 (KHTML, like Gecko) Chrome/74.0.3724.8 Safari/537.36', 0, 1, 0, 1556104556, 1556104556);
INSERT INTO `admin_log` VALUES (262, NULL, 'http://127.0.0.1:8082/login', 'http://www.firefly.test/api/user/login', 'user', '登录成功', '127.0.0.1', '中国--湖北省-武汉市-电信', 'Mozilla/5.0 (Windows NT 10.0; Win64; x64) AppleWebKit/537.36 (KHTML, like Gecko) Chrome/74.0.3724.8 Safari/537.36', 0, 1, 0, 1556104620, 1556104620);
INSERT INTO `admin_log` VALUES (263, NULL, 'http://127.0.0.1:8082/login', 'http://www.firefly.test/api/user/login', 'user', '登录成功', '127.0.0.1', '中国--湖北省-武汉市-电信', 'Mozilla/5.0 (Windows NT 10.0; Win64; x64) AppleWebKit/537.36 (KHTML, like Gecko) Chrome/74.0.3724.8 Safari/537.36', 0, 1, 0, 1556104723, 1556104723);
INSERT INTO `admin_log` VALUES (264, NULL, 'http://127.0.0.1:8082/login', 'http://www.firefly.test/api/user/login', 'user', '登录成功', '127.0.0.1', '中国--湖北省-武汉市-电信', 'Mozilla/5.0 (Windows NT 10.0; Win64; x64) AppleWebKit/537.36 (KHTML, like Gecko) Chrome/74.0.3724.8 Safari/537.36', 0, 1, 0, 1556104932, 1556104932);
INSERT INTO `admin_log` VALUES (265, NULL, 'http://127.0.0.1:8082/login', 'http://www.firefly.test/api/user/login', 'user', '登录成功', '127.0.0.1', '中国--湖北省-武汉市-电信', 'Mozilla/5.0 (Windows NT 10.0; Win64; x64) AppleWebKit/537.36 (KHTML, like Gecko) Chrome/74.0.3724.8 Safari/537.36', 0, 1, 0, 1556104995, 1556104995);
INSERT INTO `admin_log` VALUES (266, NULL, 'http://127.0.0.1:8082/login', 'http://www.firefly.test/api/user/login', 'user', '登录成功', '127.0.0.1', '中国--湖北省-武汉市-电信', 'Mozilla/5.0 (Windows NT 10.0; Win64; x64) AppleWebKit/537.36 (KHTML, like Gecko) Chrome/74.0.3724.8 Safari/537.36', 0, 1, 0, 1556105119, 1556105119);
INSERT INTO `admin_log` VALUES (267, NULL, 'http://127.0.0.1:8082/login', 'http://www.firefly.test/api/user/login', 'user', '登录成功', '127.0.0.1', '中国--湖北省-武汉市-电信', 'Mozilla/5.0 (Windows NT 10.0; Win64; x64) AppleWebKit/537.36 (KHTML, like Gecko) Chrome/74.0.3724.8 Safari/537.36', 0, 1, 0, 1556105901, 1556105901);
INSERT INTO `admin_log` VALUES (268, NULL, 'http://127.0.0.1:8082/login', 'http://www.firefly.test/api/user/login', 'user', '登录成功', '127.0.0.1', '中国--湖北省-武汉市-电信', 'Mozilla/5.0 (Windows NT 10.0; Win64; x64) AppleWebKit/537.36 (KHTML, like Gecko) Chrome/74.0.3724.8 Safari/537.36', 0, 1, 0, 1556105920, 1556105920);
INSERT INTO `admin_log` VALUES (269, NULL, 'http://127.0.0.1:8082/login', 'http://www.firefly.test/api/user/login', 'user', '登录成功', '127.0.0.1', '中国--湖北省-武汉市-电信', 'Mozilla/5.0 (Windows NT 10.0; Win64; x64) AppleWebKit/537.36 (KHTML, like Gecko) Chrome/74.0.3724.8 Safari/537.36', 0, 1, 0, 1556106097, 1556106097);
INSERT INTO `admin_log` VALUES (270, NULL, 'http://127.0.0.1:8082/login', 'http://www.firefly.test/api/user/login', 'user', '登录成功', '127.0.0.1', '中国--湖北省-武汉市-电信', 'Mozilla/5.0 (Windows NT 10.0; Win64; x64) AppleWebKit/537.36 (KHTML, like Gecko) Chrome/74.0.3724.8 Safari/537.36', 0, 1, 0, 1556106365, 1556106365);
INSERT INTO `admin_log` VALUES (271, NULL, 'http://127.0.0.1:8082/login', 'http://www.firefly.test/api/user/login', 'user', '登录成功', '127.0.0.1', '中国--湖北省-武汉市-电信', 'Mozilla/5.0 (Windows NT 10.0; Win64; x64) AppleWebKit/537.36 (KHTML, like Gecko) Chrome/74.0.3724.8 Safari/537.36', 0, 1, 0, 1556106390, 1556106390);
INSERT INTO `admin_log` VALUES (272, NULL, 'http://127.0.0.1:8082/login', 'http://www.firefly.test/api/user/login', 'user', '登录成功', '127.0.0.1', '中国--湖北省-武汉市-电信', 'Mozilla/5.0 (Windows NT 10.0; Win64; x64) AppleWebKit/537.36 (KHTML, like Gecko) Chrome/74.0.3724.8 Safari/537.36', 0, 1, 0, 1556106471, 1556106471);
INSERT INTO `admin_log` VALUES (273, NULL, 'http://127.0.0.1:8082/login', 'http://www.firefly.test/api/user/login', 'user', '登录成功', '127.0.0.1', '中国--湖北省-武汉市-电信', 'Mozilla/5.0 (Windows NT 10.0; Win64; x64) AppleWebKit/537.36 (KHTML, like Gecko) Chrome/74.0.3724.8 Safari/537.36', 0, 1, 0, 1556106500, 1556106500);
INSERT INTO `admin_log` VALUES (274, NULL, 'http://127.0.0.1:8082/login', 'http://www.firefly.test/api/user/login', 'user', '登录成功', '127.0.0.1', '中国--湖北省-武汉市-电信', 'Mozilla/5.0 (Windows NT 10.0; Win64; x64) AppleWebKit/537.36 (KHTML, like Gecko) Chrome/74.0.3724.8 Safari/537.36', 0, 1, 0, 1556106975, 1556106975);
INSERT INTO `admin_log` VALUES (275, NULL, 'http://127.0.0.1:8082/login', 'http://www.firefly.test/api/user/login', 'user', '登录成功', '127.0.0.1', '中国--湖北省-武汉市-电信', 'Mozilla/5.0 (Windows NT 10.0; Win64; x64) AppleWebKit/537.36 (KHTML, like Gecko) Chrome/74.0.3724.8 Safari/537.36', 0, 1, 0, 1556107069, 1556107069);
INSERT INTO `admin_log` VALUES (276, NULL, 'http://127.0.0.1:8082/login', 'http://www.firefly.test/api/user/login', 'user', '登录成功', '127.0.0.1', '中国--湖北省-武汉市-电信', 'Mozilla/5.0 (Windows NT 10.0; Win64; x64) AppleWebKit/537.36 (KHTML, like Gecko) Chrome/74.0.3724.8 Safari/537.36', 0, 1, 0, 1556107087, 1556107087);
INSERT INTO `admin_log` VALUES (277, NULL, 'http://127.0.0.1:8082/login', 'http://www.firefly.test/api/user/login', 'user', '登录成功', '127.0.0.1', '中国--湖北省-武汉市-电信', 'Mozilla/5.0 (Windows NT 10.0; Win64; x64) AppleWebKit/537.36 (KHTML, like Gecko) Chrome/74.0.3724.8 Safari/537.36', 0, 1, 0, 1556107144, 1556107144);
INSERT INTO `admin_log` VALUES (278, NULL, 'http://127.0.0.1:8082/login', 'http://www.firefly.test/api/user/login', 'user', '登录成功', '127.0.0.1', '中国--湖北省-武汉市-电信', 'Mozilla/5.0 (Windows NT 10.0; Win64; x64) AppleWebKit/537.36 (KHTML, like Gecko) Chrome/74.0.3724.8 Safari/537.36', 0, 1, 0, 1556107292, 1556107292);
INSERT INTO `admin_log` VALUES (279, NULL, 'http://127.0.0.1:8082/login', 'http://www.firefly.test/api/user/login', 'user', '登录成功', '127.0.0.1', '中国--湖北省-武汉市-电信', 'Mozilla/5.0 (Windows NT 10.0; Win64; x64) AppleWebKit/537.36 (KHTML, like Gecko) Chrome/74.0.3724.8 Safari/537.36', 0, 1, 0, 1556108585, 1556108585);
INSERT INTO `admin_log` VALUES (280, NULL, 'http://127.0.0.1:8082/login', 'http://www.firefly.test/api/user/login', 'user', '登录成功', '127.0.0.1', '中国--湖北省-武汉市-电信', 'Mozilla/5.0 (Windows NT 10.0; Win64; x64) AppleWebKit/537.36 (KHTML, like Gecko) Chrome/74.0.3724.8 Safari/537.36', 0, 1, 0, 1556108679, 1556108679);
INSERT INTO `admin_log` VALUES (281, NULL, 'http://127.0.0.1:8082/login', 'http://www.firefly.test/api/user/login', 'user', '登录成功', '127.0.0.1', '中国--湖北省-武汉市-电信', 'Mozilla/5.0 (Windows NT 10.0; Win64; x64) AppleWebKit/537.36 (KHTML, like Gecko) Chrome/74.0.3724.8 Safari/537.36', 0, 1, 0, 1556108723, 1556108723);
INSERT INTO `admin_log` VALUES (282, 3, 'http://www.firefly.test/login.html', 'http://www.firefly.test/admin/login/check.html', 'admin', '登录成功', '127.0.0.1', '中国--湖北省-武汉市-电信', 'Mozilla/5.0 (Windows NT 10.0; Win64; x64) AppleWebKit/537.36 (KHTML, like Gecko) Chrome/74.0.3724.8 Safari/537.36', 4, 1, 0, 1556115096, 1556115096);
INSERT INTO `admin_log` VALUES (283, 3, 'http://www.firefly.test/admin/system/system_config.html', 'http://www.firefly.test/admin/form/event_add.html', 'system_config', '添加[id:25]数据项成功', '127.0.0.1', '中国--湖北省-武汉市-电信', 'Mozilla/5.0 (Windows NT 10.0; Win64; x64) AppleWebKit/537.36 (KHTML, like Gecko) Chrome/74.0.3724.8 Safari/537.36', 0, 1, 0, 1556115230, 1556115230);
INSERT INTO `admin_log` VALUES (284, 3, 'http://www.firefly.test/admin/user/user.html', 'http://www.firefly.test/admin/form/event_edit.html', 'user', '修改[id:1]数据项成功', '127.0.0.1', '', 'Mozilla/5.0 (Windows NT 10.0; Win64; x64) AppleWebKit/537.36 (KHTML, like Gecko) Chrome/74.0.3724.8 Safari/537.36', 2, 1, 0, 1556117209, 1556117209);
INSERT INTO `admin_log` VALUES (285, 3, 'http://www.firefly.test/admin/user/user.html', 'http://www.firefly.test/admin/form/event_edit.html', 'user', '修改[id:2]数据项成功', '127.0.0.1', '', 'Mozilla/5.0 (Windows NT 10.0; Win64; x64) AppleWebKit/537.36 (KHTML, like Gecko) Chrome/74.0.3724.8 Safari/537.36', 2, 1, 0, 1556117223, 1556117223);
INSERT INTO `admin_log` VALUES (286, 3, 'http://www.firefly.test/admin/system/system_config.html', 'http://www.firefly.test/admin/form/event_edit.html', 'system_config', '修改[id:25]数据项成功', '127.0.0.1', '', 'Mozilla/5.0 (Windows NT 10.0; Win64; x64) AppleWebKit/537.36 (KHTML, like Gecko) Chrome/74.0.3724.8 Safari/537.36', 2, 1, 0, 1556117566, 1556117566);
INSERT INTO `admin_log` VALUES (287, 3, 'http://www.firefly.test/admin/system/system_config.html', 'http://www.firefly.test/admin/form/event_add.html', 'system_config', '添加[id:26]数据项成功', '127.0.0.1', '', 'Mozilla/5.0 (Windows NT 10.0; Win64; x64) AppleWebKit/537.36 (KHTML, like Gecko) Chrome/74.0.3724.8 Safari/537.36', 0, 1, 0, 1556117658, 1556117658);
INSERT INTO `admin_log` VALUES (288, 3, 'http://www.firefly.test/admin/system/system_config.html', 'http://www.firefly.test/admin/form/event_edit.html', 'system_config', '修改[id:26]数据项成功', '127.0.0.1', '', 'Mozilla/5.0 (Windows NT 10.0; Win64; x64) AppleWebKit/537.36 (KHTML, like Gecko) Chrome/74.0.3724.8 Safari/537.36', 2, 1, 0, 1556117663, 1556117663);
INSERT INTO `admin_log` VALUES (289, 3, 'http://www.firefly.test/admin/system/system_config.html', 'http://www.firefly.test/admin/form/event_add.html', 'system_config', '添加[id:27]数据项成功', '127.0.0.1', '', 'Mozilla/5.0 (Windows NT 10.0; Win64; x64) AppleWebKit/537.36 (KHTML, like Gecko) Chrome/74.0.3724.8 Safari/537.36', 0, 1, 0, 1556117756, 1556117756);
INSERT INTO `admin_log` VALUES (290, 3, 'http://www.firefly.test/admin/system/system_config.html', 'http://www.firefly.test/admin/form/event_add.html', 'system_config', '添加[id:28]数据项成功', '127.0.0.1', '', 'Mozilla/5.0 (Windows NT 10.0; Win64; x64) AppleWebKit/537.36 (KHTML, like Gecko) Chrome/74.0.3724.8 Safari/537.36', 0, 1, 0, 1556117818, 1556117818);
INSERT INTO `admin_log` VALUES (291, 3, 'http://www.firefly.test/admin/system/system_config.html', 'http://www.firefly.test/admin/form/event_edit.html', 'system_config', '修改[id:27]数据项成功', '127.0.0.1', '', 'Mozilla/5.0 (Windows NT 10.0; Win64; x64) AppleWebKit/537.36 (KHTML, like Gecko) Chrome/74.0.3724.8 Safari/537.36', 2, 1, 0, 1556117898, 1556117898);
INSERT INTO `admin_log` VALUES (292, 3, 'http://www.firefly.test/admin/system/system_config.html', 'http://www.firefly.test/admin/form/event_edit.html', 'system_config', '修改[id:25]数据项成功', '127.0.0.1', '', 'Mozilla/5.0 (Windows NT 10.0; Win64; x64) AppleWebKit/537.36 (KHTML, like Gecko) Chrome/74.0.3724.8 Safari/537.36', 2, 1, 0, 1556118555, 1556118555);
INSERT INTO `admin_log` VALUES (293, 3, 'http://www.firefly.test/admin/system/system_config.html', 'http://www.firefly.test/admin/form/event_edit.html', 'system_config', '修改[id:28]数据项成功', '127.0.0.1', '', 'Mozilla/5.0 (Windows NT 10.0; Win64; x64) AppleWebKit/537.36 (KHTML, like Gecko) Chrome/74.0.3724.8 Safari/537.36', 2, 1, 0, 1556118818, 1556118818);
INSERT INTO `admin_log` VALUES (294, 3, 'http://www.firefly.test/admin/system/system_config.html', 'http://www.firefly.test/admin/form/event_edit.html', 'system_config', '修改[id:28]数据项成功', '127.0.0.1', '', 'Mozilla/5.0 (Windows NT 10.0; Win64; x64) AppleWebKit/537.36 (KHTML, like Gecko) Chrome/74.0.3724.8 Safari/537.36', 2, 1, 0, 1556119229, 1556119229);
INSERT INTO `admin_log` VALUES (295, 3, 'http://www.firefly.test/admin/system/system_config.html', 'http://www.firefly.test/admin/form/event_edit.html', 'system_config', '修改[id:28]数据项成功', '127.0.0.1', '', 'Mozilla/5.0 (Windows NT 10.0; Win64; x64) AppleWebKit/537.36 (KHTML, like Gecko) Chrome/74.0.3724.8 Safari/537.36', 2, 1, 0, 1556119242, 1556119242);
INSERT INTO `admin_log` VALUES (296, 3, 'http://www.firefly.test/login.html', 'http://www.firefly.test/admin/login/check.html', 'admin', '登录成功', '127.0.0.1', '中国--湖北省-武汉市-电信', 'Mozilla/5.0 (Windows NT 10.0; Win64; x64) AppleWebKit/537.36 (KHTML, like Gecko) Chrome/74.0.3724.8 Safari/537.36', 4, 1, 0, 1556163848, 1556163848);
INSERT INTO `admin_log` VALUES (297, 3, 'http://www.firefly.test/admin/user/user.html', 'http://www.firefly.test/admin/form/event_edit.html', 'user', '修改[id:1]数据项成功', '127.0.0.1', '中国--湖北省-武汉市-电信', 'Mozilla/5.0 (Windows NT 10.0; Win64; x64) AppleWebKit/537.36 (KHTML, like Gecko) Chrome/74.0.3724.8 Safari/537.36', 2, 1, 0, 1556164365, 1556164365);
INSERT INTO `admin_log` VALUES (298, 3, 'http://www.firefly.test/admin/user/user.html', 'http://www.firefly.test/admin/form/event_edit.html', 'user', '修改[id:1]数据项成功', '127.0.0.1', '中国--湖北省-武汉市-电信', 'Mozilla/5.0 (Windows NT 10.0; Win64; x64) AppleWebKit/537.36 (KHTML, like Gecko) Chrome/74.0.3724.8 Safari/537.36', 2, 1, 0, 1556164377, 1556164377);
INSERT INTO `admin_log` VALUES (299, 3, 'http://www.firefly.test/admin/user/user.html', 'http://www.firefly.test/admin/form/event_edit.html', 'user', '修改[id:1]数据项成功', '127.0.0.1', '中国--湖北省-武汉市-电信', 'Mozilla/5.0 (Windows NT 10.0; Win64; x64) AppleWebKit/537.36 (KHTML, like Gecko) Chrome/74.0.3724.8 Safari/537.36', 2, 1, 0, 1556164392, 1556164392);
INSERT INTO `admin_log` VALUES (300, 3, 'http://www.firefly.test/admin/user/user.html', 'http://www.firefly.test/admin/form/event_edit.html', 'user', '修改[id:1]数据项成功', '127.0.0.1', '中国--湖北省-武汉市-电信', 'Mozilla/5.0 (Windows NT 10.0; Win64; x64) AppleWebKit/537.36 (KHTML, like Gecko) Chrome/74.0.3724.8 Safari/537.36', 2, 1, 0, 1556164533, 1556164533);
INSERT INTO `admin_log` VALUES (301, 3, 'http://www.firefly.test/admin/user/user.html', 'http://www.firefly.test/admin/form/event_edit.html', 'user', '修改[id:1]数据项成功', '127.0.0.1', '中国--湖北省-武汉市-电信', 'Mozilla/5.0 (Windows NT 10.0; Win64; x64) AppleWebKit/537.36 (KHTML, like Gecko) Chrome/74.0.3724.8 Safari/537.36', 2, 1, 0, 1556164675, 1556164675);
INSERT INTO `admin_log` VALUES (302, 3, 'http://www.firefly.test/admin/user/user.html', 'http://www.firefly.test/admin/form/event_edit.html', 'user', '修改[id:1]数据项成功', '127.0.0.1', '中国--湖北省-武汉市-电信', 'Mozilla/5.0 (Windows NT 10.0; Win64; x64) AppleWebKit/537.36 (KHTML, like Gecko) Chrome/74.0.3724.8 Safari/537.36', 2, 1, 0, 1556164784, 1556164784);
INSERT INTO `admin_log` VALUES (303, 3, 'http://www.firefly.test/admin/user/user.html', 'http://www.firefly.test/admin/form/event_edit.html', 'user', '修改[id:1]数据项成功', '127.0.0.1', '中国--湖北省-武汉市-电信', 'Mozilla/5.0 (Windows NT 10.0; Win64; x64) AppleWebKit/537.36 (KHTML, like Gecko) Chrome/74.0.3724.8 Safari/537.36', 2, 1, 0, 1556164864, 1556164864);
INSERT INTO `admin_log` VALUES (304, 3, 'http://www.firefly.test/admin/user/user.html', 'http://www.firefly.test/admin/form/event_edit.html', 'user', '修改[id:1]数据项成功', '127.0.0.1', '中国--湖北省-武汉市-电信', 'Mozilla/5.0 (Windows NT 10.0; Win64; x64) AppleWebKit/537.36 (KHTML, like Gecko) Chrome/74.0.3724.8 Safari/537.36', 2, 1, 0, 1556164882, 1556164882);
INSERT INTO `admin_log` VALUES (305, 3, 'http://www.firefly.test/admin/user/user.html', 'http://www.firefly.test/admin/form/event_edit.html', 'user', '修改[id:1]数据项成功', '127.0.0.1', '中国--湖北省-武汉市-电信', 'Mozilla/5.0 (Windows NT 10.0; Win64; x64) AppleWebKit/537.36 (KHTML, like Gecko) Chrome/74.0.3724.8 Safari/537.36', 2, 1, 0, 1556164936, 1556164936);
INSERT INTO `admin_log` VALUES (306, NULL, 'http://127.0.0.1:8082/register', 'http://www.firefly.test/api/user/register', 'user', '注册成功', '127.0.0.1', '中国--湖北省-武汉市-电信', 'Mozilla/5.0 (Windows NT 10.0; Win64; x64) AppleWebKit/537.36 (KHTML, like Gecko) Chrome/74.0.3724.8 Safari/537.36', 0, 1, 0, 1556165562, 1556165562);
INSERT INTO `admin_log` VALUES (307, 3, 'http://www.firefly.test/admin/system/system_config.html', 'http://www.firefly.test/admin/form/event_add.html', 'system_config', '添加[id:29]数据项成功', '127.0.0.1', '中国--湖北省-武汉市-电信', 'Mozilla/5.0 (Windows NT 10.0; Win64; x64) AppleWebKit/537.36 (KHTML, like Gecko) Chrome/74.0.3724.8 Safari/537.36', 0, 1, 0, 1556167819, 1556167819);
INSERT INTO `admin_log` VALUES (308, NULL, 'http://127.0.0.1:8082/register', 'http://www.firefly.test/api/user/register', 'user', '(user2)注册成功', '127.0.0.1', '中国--湖北省-武汉市-电信', 'Mozilla/5.0 (Windows NT 10.0; Win64; x64) AppleWebKit/537.36 (KHTML, like Gecko) Chrome/74.0.3724.8 Safari/537.36', 0, 1, 0, 1556169316, 1556169316);
INSERT INTO `admin_log` VALUES (309, NULL, 'http://127.0.0.1:8082/register', 'http://www.firefly.test/api/user/register', 'email', 'Message has been sent', '127.0.0.1', '中国--湖北省-武汉市-电信', 'Mozilla/5.0 (Windows NT 10.0; Win64; x64) AppleWebKit/537.36 (KHTML, like Gecko) Chrome/74.0.3724.8 Safari/537.36', 0, 1, 0, 1556169317, 1556169317);
INSERT INTO `admin_log` VALUES (310, 3, 'http://www.firefly.test/login.html', 'http://www.firefly.test/admin/login/check.html', 'admin', '登录成功', '127.0.0.1', '中国--湖北省-武汉市-电信', 'Mozilla/5.0 (Windows NT 10.0; Win64; x64) AppleWebKit/537.36 (KHTML, like Gecko) Chrome/74.0.3724.8 Safari/537.36', 4, 1, 0, 1556194154, 1556194154);
INSERT INTO `admin_log` VALUES (311, 3, 'http://www.firefly.test/admin/user/user.html', 'http://www.firefly.test/admin/form/event_edit.html', 'user', '修改[id:1]数据项成功', '127.0.0.1', '中国--湖北省-武汉市-电信', 'Mozilla/5.0 (Windows NT 10.0; Win64; x64) AppleWebKit/537.36 (KHTML, like Gecko) Chrome/74.0.3724.8 Safari/537.36', 2, 1, 0, 1556195414, 1556195414);
INSERT INTO `admin_log` VALUES (312, 3, 'http://www.firefly.test/login.html', 'http://www.firefly.test/admin/login/check.html', 'admin', '登录成功', '127.0.0.1', '中国--湖北省-武汉市-电信', 'Mozilla/5.0 (Windows NT 10.0; Win64; x64) AppleWebKit/537.36 (KHTML, like Gecko) Chrome/74.0.3724.8 Safari/537.36', 4, 1, 0, 1556242395, 1556242395);
INSERT INTO `admin_log` VALUES (313, 3, 'http://www.firefly.test/admin/user/user.html', 'http://www.firefly.test/admin/form/event_edit.html', 'user', '修改[id:1]数据项成功', '127.0.0.1', '中国--湖北省-武汉市-电信', 'Mozilla/5.0 (Windows NT 10.0; Win64; x64) AppleWebKit/537.36 (KHTML, like Gecko) Chrome/74.0.3724.8 Safari/537.36', 2, 1, 0, 1556242420, 1556242420);
INSERT INTO `admin_log` VALUES (314, 3, 'http://www.firefly.test/admin/system/menu.html', 'http://www.firefly.test/admin/form/event_add.html', 'menu', '添加[id:40]数据项成功', '127.0.0.1', '中国--湖北省-武汉市-电信', 'Mozilla/5.0 (Windows NT 10.0; Win64; x64) AppleWebKit/537.36 (KHTML, like Gecko) Chrome/74.0.3724.8 Safari/537.36', 0, 1, 0, 1556266627, 1556266627);
INSERT INTO `admin_log` VALUES (315, 3, 'http://www.firefly.test/login.html', 'http://www.firefly.test/admin/login/check.html', 'admin', '登录成功', '127.0.0.1', '中国--湖北省-武汉市-电信', 'Mozilla/5.0 (Windows NT 10.0; Win64; x64) AppleWebKit/537.36 (KHTML, like Gecko) Chrome/74.0.3724.8 Safari/537.36', 4, 1, 0, 1556327808, 1556327808);
INSERT INTO `admin_log` VALUES (316, 3, 'http://www.firefly.test/admin/user/user.html', 'http://www.firefly.test/admin/form/event_edit.html', 'user', '修改[id:9]数据项成功', '127.0.0.1', '中国--湖北省-武汉市-电信', 'Mozilla/5.0 (Windows NT 10.0; Win64; x64) AppleWebKit/537.36 (KHTML, like Gecko) Chrome/74.0.3724.8 Safari/537.36', 2, 1, 0, 1556327909, 1556327909);
INSERT INTO `admin_log` VALUES (317, 3, 'http://www.firefly.test/admin/user/user.html', 'http://www.firefly.test/admin/form/event_edit.html', 'user', '修改[id:8]数据项成功', '127.0.0.1', '中国--湖北省-武汉市-电信', 'Mozilla/5.0 (Windows NT 10.0; Win64; x64) AppleWebKit/537.36 (KHTML, like Gecko) Chrome/74.0.3724.8 Safari/537.36', 2, 1, 0, 1556327917, 1556327917);
INSERT INTO `admin_log` VALUES (318, 3, 'http://www.firefly.test/admin/user/user.html', 'http://www.firefly.test/admin/form/event_edit.html', 'user', '修改[id:2]数据项成功', '127.0.0.1', '中国--湖北省-武汉市-电信', 'Mozilla/5.0 (Windows NT 10.0; Win64; x64) AppleWebKit/537.36 (KHTML, like Gecko) Chrome/74.0.3724.8 Safari/537.36', 2, 1, 0, 1556327929, 1556327929);
INSERT INTO `admin_log` VALUES (319, 3, 'http://www.firefly.test/admin/user/user.html', 'http://www.firefly.test/admin/form/event_edit.html', 'user', '修改[id:1]数据项成功', '127.0.0.1', '中国--湖北省-武汉市-电信', 'Mozilla/5.0 (Windows NT 10.0; Win64; x64) AppleWebKit/537.36 (KHTML, like Gecko) Chrome/74.0.3724.8 Safari/537.36', 2, 1, 0, 1556327936, 1556327936);
INSERT INTO `admin_log` VALUES (320, 3, 'http://www.firefly.test/admin/system/system_config.html', 'http://www.firefly.test/admin/form/event_edit.html', 'system_config', '修改[id:15]数据项成功', '127.0.0.1', '中国--湖北省-武汉市-电信', 'Mozilla/5.0 (Windows NT 10.0; Win64; x64) AppleWebKit/537.36 (KHTML, like Gecko) Chrome/74.0.3724.8 Safari/537.36', 2, 1, 0, 1556380028, 1556380028);
INSERT INTO `admin_log` VALUES (321, 3, 'http://www.firefly.test/admin/system/system_config.html', 'http://www.firefly.test/admin/form/event_edit.html', 'system_config', '修改[id:14]数据项成功', '127.0.0.1', '中国--湖北省-武汉市-电信', 'Mozilla/5.0 (Windows NT 10.0; Win64; x64) AppleWebKit/537.36 (KHTML, like Gecko) Chrome/74.0.3724.8 Safari/537.36', 2, 1, 0, 1556380837, 1556380837);
INSERT INTO `admin_log` VALUES (322, 3, 'http://www.firefly.test/admin/system/system_config.html', 'http://www.firefly.test/admin/form/event_edit.html', 'system_config', '修改[id:14]数据项成功', '127.0.0.1', '', 'Mozilla/5.0 (Windows NT 10.0; Win64; x64) AppleWebKit/537.36 (KHTML, like Gecko) Chrome/74.0.3724.8 Safari/537.36', 2, 1, 0, 1556383003, 1556383003);

-- ----------------------------
-- Table structure for attachment
-- ----------------------------
DROP TABLE IF EXISTS `attachment`;
CREATE TABLE `attachment`  (
  `id` bigint(20) NOT NULL AUTO_INCREMENT COMMENT '编号',
  `admin_id` bigint(20) NULL DEFAULT NULL COMMENT '用户编号',
  `name` varchar(255) CHARACTER SET utf8mb4 COLLATE utf8mb4_general_ci NULL DEFAULT NULL COMMENT '原文件名',
  `save_name` varchar(255) CHARACTER SET utf8mb4 COLLATE utf8mb4_general_ci NULL DEFAULT NULL COMMENT '新文件名',
  `mime` varchar(50) CHARACTER SET utf8mb4 COLLATE utf8mb4_general_ci NULL DEFAULT NULL COMMENT '文件类型(mime)',
  `ext` varchar(20) CHARACTER SET utf8mb4 COLLATE utf8mb4_general_ci NULL DEFAULT NULL COMMENT '文件后缀',
  `size` varchar(100) CHARACTER SET utf8mb4 COLLATE utf8mb4_general_ci NULL DEFAULT NULL COMMENT '文件大小(Byte)',
  `path` varchar(255) CHARACTER SET utf8mb4 COLLATE utf8mb4_general_ci NULL DEFAULT NULL COMMENT '物理存储路径',
  `net_path` varchar(255) CHARACTER SET utf8mb4 COLLATE utf8mb4_general_ci NULL DEFAULT NULL COMMENT '网络路径',
  `md5` varchar(255) CHARACTER SET utf8mb4 COLLATE utf8mb4_general_ci NULL DEFAULT NULL COMMENT '文件md5',
  `sha1` varchar(255) CHARACTER SET utf8mb4 COLLATE utf8mb4_general_ci NULL DEFAULT NULL COMMENT '文件sha1',
  `status` tinyint(1) NOT NULL DEFAULT 1 COMMENT '状态[0:隐藏,1:显示]',
  `is_deleted` tinyint(1) NOT NULL DEFAULT 0 COMMENT '是否删除[0:未删除,1:已删除]',
  `regtime` int(10) NULL DEFAULT NULL COMMENT '创建时间',
  `uptime` int(10) NULL DEFAULT NULL COMMENT '最近更新',
  PRIMARY KEY (`id`) USING BTREE
) ENGINE = InnoDB AUTO_INCREMENT = 20 CHARACTER SET = utf8mb4 COLLATE = utf8mb4_general_ci ROW_FORMAT = Dynamic;

-- ----------------------------
-- Records of attachment
-- ----------------------------
INSERT INTO `attachment` VALUES (10, 3, '30ced021cd5346d5b1393e4cb4bf4252!400x400.jpeg', 'ecc8aa28bffc44a22b844950e72cfbb7.jpeg', 'image/jpeg', 'jpeg', '27349', './uploads/email/20190416/ecc8aa28bffc44a22b844950e72cfbb7.jpeg', '/uploads/email/20190416/ecc8aa28bffc44a22b844950e72cfbb7.jpeg', 'f260487a5d9f9f8fd03e5e0121bf4495', '820e408abe7093ffcfcbd0ff8a54d91d686e8c6c', 1, 0, 1555420706, 1555420706);
INSERT INTO `attachment` VALUES (11, 3, 'c21bf361d8e54242a01c666008c77eeb!400x400.jpeg', '478a3607465f69d7b7369eb5dd4055a2.jpeg', 'image/jpeg', 'jpeg', '45044', './uploads/email/20190416/478a3607465f69d7b7369eb5dd4055a2.jpeg', '/uploads/email/20190416/478a3607465f69d7b7369eb5dd4055a2.jpeg', 'f4ca9eb9d4f7f22f2c5783d2133ec5ec', '3c70c61e601b0d253b97b0ddedd1c0617ba99655', 1, 0, 1555420707, 1555420707);
INSERT INTO `attachment` VALUES (12, 3, 'f5e951fe320e46009afe136c2955015f!400x400.jpeg', 'cde05b8cce88a039043731ee19ae15fb.jpeg', 'image/jpeg', 'jpeg', '24669', './uploads/email/20190416/cde05b8cce88a039043731ee19ae15fb.jpeg', '/uploads/email/20190416/cde05b8cce88a039043731ee19ae15fb.jpeg', 'bf75ccd7246c5127a73b93e71b234eaa', 'deda70e44fe362b3914a539af73446aaf24dc9cc', 1, 0, 1555420707, 1555420707);
INSERT INTO `attachment` VALUES (13, 3, '0ab1bb678e5544b6965d329a30d606c0!400x400.jpeg', '1cd27305f2ddc9fcc0e27f3af66464d6.jpeg', 'image/jpeg', 'jpeg', '38357', './uploads/email/20190417/1cd27305f2ddc9fcc0e27f3af66464d6.jpeg', '/uploads/email/20190417/1cd27305f2ddc9fcc0e27f3af66464d6.jpeg', '1a459f4b176c0f8664621b265faf428e', 'f1cb4330a72fc177158491a79c8e9ce77a6b3246', 1, 0, 1555467165, 1555467165);
INSERT INTO `attachment` VALUES (14, 3, '1 - 副本.jpeg', 'dc5536ec6630065ab55b23ddd8612c45.jpeg', 'image/jpeg', 'jpeg', '33809', './uploads/user/20190417/dc5536ec6630065ab55b23ddd8612c45.jpeg', '/uploads/user/20190417/dc5536ec6630065ab55b23ddd8612c45.jpeg', 'db4471ff0201f51aed09529a4ec57f19', 'f66fedac728398e68c16a0a540c5e5f3b1363791', 1, 0, 1555467480, 1555467480);
INSERT INTO `attachment` VALUES (15, 3, '3b57dae5eb664c94bfc579076b7106e8!400x400.jpeg', '585465febe6a8be1378c958cadc0a1d7.jpeg', 'image/jpeg', 'jpeg', '34032', './uploads/email/20190417/585465febe6a8be1378c958cadc0a1d7.jpeg', '/uploads/email/20190417/585465febe6a8be1378c958cadc0a1d7.jpeg', 'bee842d692718bb4abffcf2bf9a29796', '786e79e67b17ac345e5c31ff1cf43c01561a89f3', 1, 0, 1555470386, 1555470386);
INSERT INTO `attachment` VALUES (16, 3, '4ed8396a1ffe4576aabde08cdabd3abb!400x400.jpeg', 'ea46d65dba63b85037587d09ffbe343f.jpeg', 'image/jpeg', 'jpeg', '33315', './uploads/email/20190417/ea46d65dba63b85037587d09ffbe343f.jpeg', '/uploads/email/20190417/ea46d65dba63b85037587d09ffbe343f.jpeg', 'a22a6b8f4ba841317df7fdbe275951ae', 'a2e2df7e0e7be3a6d064416da9a5cffe76632e90', 1, 0, 1555471290, 1555471290);
INSERT INTO `attachment` VALUES (17, 3, '581daf14fee449e1b240ccd40509ec4a!400x400.jpeg', 'ae1375515ae4deeeeb33b6c377e2eb58.jpeg', 'image/jpeg', 'jpeg', '22138', './uploads/email/20190423/ae1375515ae4deeeeb33b6c377e2eb58.jpeg', '/uploads/email/20190423/ae1375515ae4deeeeb33b6c377e2eb58.jpeg', '14242c68b0afe0cb5e25559081ff560e', '37baf846749c609d29e51df28409370478512173', 1, 0, 1555983861, 1555983861);
INSERT INTO `attachment` VALUES (18, 3, '2b914489f2534aefbcc9c6d04a5bccc5!400x400.jpeg', '5fa7130b38df7b18fd2fe5c092003bff.jpeg', 'image/jpeg', 'jpeg', '39234', './uploads/email/20190423/5fa7130b38df7b18fd2fe5c092003bff.jpeg', '/uploads/email/20190423/5fa7130b38df7b18fd2fe5c092003bff.jpeg', '6caf061a9928f57168c996aa924b8242', '979c99d111d329609c33bf2688a44b4cadd9f823', 1, 0, 1555984243, 1555984243);
INSERT INTO `attachment` VALUES (19, 3, '2759ee5b67074f8ea6dd412ff7e1a068!400x400.jpeg', 'f0eb6c1857fef3c3cab692eacd2af687.jpeg', 'image/jpeg', 'jpeg', '55010', './uploads/email/20190423/f0eb6c1857fef3c3cab692eacd2af687.jpeg', '/uploads/email/20190423/f0eb6c1857fef3c3cab692eacd2af687.jpeg', '2f8f6ec44ba851288f33a736f7ff312c', 'df0f8ff7255a5ceddeb295b635ef003f01441ba0', 1, 0, 1555984570, 1555984570);

-- ----------------------------
-- Table structure for email
-- ----------------------------
DROP TABLE IF EXISTS `email`;
CREATE TABLE `email`  (
  `id` bigint(20) NOT NULL AUTO_INCREMENT COMMENT '编号',
  `user_id` bigint(20) NOT NULL COMMENT '用户id',
  `admin_id` bigint(20) NOT NULL COMMENT '管理员id',
  `to` varchar(100) CHARACTER SET utf8mb4 COLLATE utf8mb4_general_ci NOT NULL COMMENT '收信人',
  `from` varchar(100) CHARACTER SET utf8mb4 COLLATE utf8mb4_general_ci NULL DEFAULT NULL COMMENT '寄信人',
  `subject` varchar(140) CHARACTER SET utf8mb4 COLLATE utf8mb4_general_ci NOT NULL COMMENT '主题',
  `content` text CHARACTER SET utf8mb4 COLLATE utf8mb4_general_ci NULL COMMENT '内容',
  `context` text CHARACTER SET utf8mb4 COLLATE utf8mb4_general_ci NULL COMMENT '纯文本',
  `email_files` text CHARACTER SET utf8mb4 COLLATE utf8mb4_general_ci NULL COMMENT '附件',
  `email_type` tinyint(1) NOT NULL DEFAULT 0 COMMENT '邮件类型[0:HTML,1:TXT]',
  `is_success` tinyint(1) NOT NULL DEFAULT 1 COMMENT '是否成功[0:失败,1:成功]',
  `status` tinyint(1) NOT NULL DEFAULT 1 COMMENT '状态[0:隐藏,1:显示]',
  `is_deleted` tinyint(1) NOT NULL DEFAULT 0 COMMENT '是否删除[0:未删除,1:已删除]',
  `regtime` int(10) NULL DEFAULT NULL COMMENT '创建时间',
  `uptime` int(10) NULL DEFAULT NULL COMMENT '最近更新',
  PRIMARY KEY (`id`) USING BTREE
) ENGINE = InnoDB AUTO_INCREMENT = 19 CHARACTER SET = utf8mb4 COLLATE = utf8mb4_general_ci ROW_FORMAT = Dynamic;

-- ----------------------------
-- Records of email
-- ----------------------------
INSERT INTO `email` VALUES (1, 1, 3, 'snoopyshenlu@163.com', NULL, '你好-测试邮件', '测试邮件，主页内容', '纯文本消息', './uploads/email/20190416/8d1a330f8993b140a9614d9d9daa82c1.jpeg', 0, 1, 1, 0, 1555405177, 1555405177);
INSERT INTO `email` VALUES (2, 1, 3, 'snoopyshenlu@163.com', NULL, '你好-测试邮件', '测试邮件，主页内容', '纯文本消息', './uploads/email/20190416/8d1a330f8993b140a9614d9d9daa82c1.jpeg', 0, 1, 1, 0, 1555405177, 1555405177);
INSERT INTO `email` VALUES (3, 1, 4, 'snoopyshenlu@163.com', NULL, '富文本测试', '<h1>富文本测试</h1><p><span style=\"font-weight: bold;\">富文本测试</span><br></p><blockquote>富文本测试</blockquote><p><span style=\"color: rgb(70, 172, 200);\">富文本测试</span></p><p><img src=\"/uploads/email/20190416/ecc8aa28bffc44a22b844950e72cfbb7.jpeg\" style=\"max-width:30%;\"><span style=\"color: rgb(70, 172, 200);\"><br></span></p>', '', '', 0, 1, 1, 0, 1555425344, 1555425515);
INSERT INTO `email` VALUES (4, 1, 3, 'snoopyshenlu@163.com', NULL, '富文本图片测试', '<p><img src=\"/uploads/email/20190416/ecc8aa28bffc44a22b844950e72cfbb7.jpeg\" style=\"max-width:100%;\"><br></p>', '', '', 0, 1, 1, 0, 1555425519, 1555425519);
INSERT INTO `email` VALUES (5, 2, 3, '1445154365@qq.com', NULL, 'Test Email', '<p style=\"text-align: center;\"><img src=\"https://ss1.bdstatic.com/70cFvXSh_Q1YnxGkpoWK1HF6hhy/it/u=3523617831,1288544462&amp;fm=27&amp;gp=0.jpg\" style=\"max-width:100%;\"><br></p><h1 style=\"text-align: center;\"><span style=\"font-weight: bold;\">Test Message: <span style=\"font-style: italic;\">this is a test email to you!</span></span><br></h1>', '', './uploads/user/20190417/dc5536ec6630065ab55b23ddd8612c45.jpeg', 0, 1, 1, 0, 1555467827, 1555467827);
INSERT INTO `email` VALUES (6, 1, 3, 'snoopyshenlu@163.com', NULL, '阿里云邮箱测试', '<p><img src=\"/uploads/user/20190417/dc5536ec6630065ab55b23ddd8612c45.jpeg\" style=\"max-width:100%;\">111<br></p>', '', './uploads/email/20190417/585465febe6a8be1378c958cadc0a1d7.jpeg', 0, 1, 1, 0, 1555470358, 1555470358);
INSERT INTO `email` VALUES (7, 1, 3, 'snoopyshenlu@163.com', NULL, '嘿嘿', '<p><img src=\"/uploads/email/20190417/585465febe6a8be1378c958cadc0a1d7.jpeg\" style=\"max-width:100%;\"><br></p>', '', '', 0, 1, 1, 0, 1555470954, 1555470954);
INSERT INTO `email` VALUES (8, 1, 3, 'snoopyshenlu@163.com', NULL, '阿里云，本地图片测试', '<h1>你好，hello ！</h1><p><img src=\"/uploads/email/20190417/ea46d65dba63b85037587d09ffbe343f.jpeg\" style=\"max-width:100%;\"><br></p>', '', '', 0, 1, 1, 0, 1555471215, 1555471215);
INSERT INTO `email` VALUES (9, 1, 3, 'snoopyshenlu@163.com', NULL, '2019-04-23', '<p><img src=\"/uploads/email/20190423/ae1375515ae4deeeeb33b6c377e2eb58.jpeg\" style=\"max-width:100%;\">aaa<br></p><blockquote>HEllo World!</blockquote>', '', './uploads/email/20190417/585465febe6a8be1378c958cadc0a1d7.jpeg', 0, 1, 1, 0, 1555983894, 1555983894);
INSERT INTO `email` VALUES (10, 9, 0, '1845535061@qq.com', 'aroad.xyz@aliyun.com', '【萤火云】注册成功!', '<div style=\"width:500px;height:500px;background:lightcoral;margin:auto;padding: 30px;text-align: center;margin-top: 50px;margin-bottom:150px;border-radius:4px;\">\r\n            <style>a{color: lightskyblue;transition: .5s;opacity: 1;margin-right: 20px;}a:hover{opacity: .7;}</style>\r\n            <h1 style=\"font-size: 28px;margin-top: 150px;\">\r\n                <p style=\"font-weight: normal;font-size: 18px;color:#333;\">亲爱的 <i style=\"color:lightskyblue;\">user3</i> , 您已于 2019年04月25日 13时43分14秒 正式成为本站会员。</p>\r\n                <a href=\"http://127.0.0.1:8082\" target=\"_blank\" style=\"text-decoration: none;font-style: italic;font-size: 40px;\">萤火云</a>热烈欢迎您的加入!\r\n            </h1></div>', '欢迎加入萤火云', '', 0, 1, 1, 0, 1556170995, 1556170995);
INSERT INTO `email` VALUES (11, 8, 0, '1479221500@qq.com', 'aroad.xyz@aliyun.com', '【萤火云】找回密码!', '<div style=\"width:500px;height:500px;background:lightcoral;margin:auto;padding: 30px;text-align: center;margin-top: 50px;margin-bottom:150px;border-radius:4px;\">\r\n            <style>a{color: lightskyblue;transition: .5s;opacity: 1;margin-right: 20px;}a:hover{opacity: .7;}</style>\r\n            <h1 style=\"font-size: 28px;margin-top: 150px;\">\r\n                <p style=\"font-weight: normal;font-size: 18px;color:#333;\">亲爱的 <i style=\"color:lightskyblue;\">user2</i> , 您找回密码的验证码为: QpVlR7 </p>\r\n                <a href=\"http://127.0.0.1:8082/resetpwd\" target=\"_blank\" style=\"text-decoration: none;font-style: italic;font-size: 40px;\">重置密码链接</a> (该验证码为一次性，无时间限制，但重复获取将被替代)!\r\n            </h1></div>', '用户名：user2   验证码：QpVlR7   (验证码一次性且长期有效，但重复获取将被替代!)', '', 0, 1, 1, 0, 1556177873, 1556177873);
INSERT INTO `email` VALUES (12, 8, 0, '1479221500@qq.com', 'aroad.xyz@aliyun.com', '【萤火云】找回密码!', '<div style=\"width:500px;height:500px;background:lightcoral;margin:auto;padding: 30px;text-align: center;margin-top: 50px;margin-bottom:150px;border-radius:4px;\">\r\n            <style>a{color: lightskyblue;transition: .5s;opacity: 1;margin-right: 20px;}a:hover{opacity: .7;}</style>\r\n            <h1 style=\"font-size: 28px;margin-top: 150px;\">\r\n                <p style=\"font-weight: normal;font-size: 18px;color:#333;\"><a href=\"http://127.0.0.1:8082/resetpwd\" target=\"_blank\" style=\"text-decoration: none;font-style: italic;font-size: 40px;\">重置密码链接</a> (该验证码为一次性，无时间限制，但重复获取将被替代)!</p>\r\n                亲爱的 <i style=\"color:lightskyblue;\">user2</i> , 您找回密码的验证码为: <i style=\"color:lightskyblue;\">O2019u</i> \r\n                \r\n            </h1></div>', '用户名：user2   验证码：O2019u   (验证码一次性且长期有效，但重复获取将被替代!)', '', 0, 1, 1, 0, 1556178033, 1556178033);
INSERT INTO `email` VALUES (13, 8, 0, '1479221500@qq.com', 'aroad.xyz@aliyun.com', '【萤火云】找回密码!', '<style>\r\n            .content {\r\n                width: 500px;\r\n                height: 500px;\r\n                background: lightcoral;\r\n                margin: auto;\r\n                padding: 30px;\r\n                text-align: left;\r\n                line-height: 40px;\r\n                margin-top: 50px;\r\n                margin-bottom: 150px;\r\n                border-radius: 4px;\r\n                font-weight: bold;\r\n                letter-spacing: 2px;\r\n                font-family: \"Helvetica Neue\",Helvetica,\"PingFang SC\",\"Hiragino Sans GB\",\"Microsoft YaHei\",\"微软雅黑\",Arial,sans-serif;\r\n                -webkit-font-smoothing: antialiased;\r\n                -moz-osx-font-smoothing: grayscale;\r\n                color: #2c3e50;\r\n            }\r\n            .box{\r\n                margin-top: 100px;\r\n            }\r\n        \r\n            a {\r\n                transition: .5s;\r\n                opacity: 1;\r\n                margin-right: 20px;\r\n                text-decoration: none;\r\n                font-style: italic;\r\n            }\r\n        \r\n            a:hover {\r\n                opacity: .7;\r\n            }\r\n            .important{\r\n                font-weight: bolder;\r\n                color: lightblue;\r\n                font-size: 30px;\r\n                margin-left: 10px;\r\n            }\r\n            .important-1{\r\n                font-size: 20px;\r\n            }\r\n        </style>\r\n        <div class=\"content\">\r\n            <div class=\"box\">\r\n                <p><a href=\"http://127.0.0.1:8082/resetpwd\" target=\"_blank\" class=\"important important-1\">重置密码链接</a></p>\r\n                <p> (该验证码为一次性，无时间限制，但重复获取将被替代)!</p>\r\n                <p>亲爱的 <i class=\"important\">user2</i> </p>\r\n                <p>验证码为: <i class=\"important\">^khIer</i> </p>\r\n            </div>\r\n        </div>', '用户名：user2   验证码：^khIer   (验证码一次性且长期有效，但重复获取将被替代!)', '', 0, 1, 1, 0, 1556178751, 1556178751);
INSERT INTO `email` VALUES (14, 8, 0, '1479221500@qq.com', 'aroad.xyz@aliyun.com', '【萤火云】找回密码!', '<style>\r\n            .content {\r\n                width: 500px;\r\n                height: 500px;\r\n                background: lightcoral;\r\n                margin: auto;\r\n                padding: 30px;\r\n                text-align: left;\r\n                line-height: 40px;\r\n                margin-top: 50px;\r\n                margin-bottom: 150px;\r\n                border-radius: 4px;\r\n                font-weight: bold;\r\n                letter-spacing: 2px;\r\n                font-family: \"Helvetica Neue\",Helvetica,\"PingFang SC\",\"Hiragino Sans GB\",\"Microsoft YaHei\",\"微软雅黑\",Arial,sans-serif;\r\n                -webkit-font-smoothing: antialiased;\r\n                -moz-osx-font-smoothing: grayscale;\r\n                color: #2c3e50;\r\n            }\r\n            .box{\r\n                margin-top: 100px;\r\n            }\r\n        \r\n            a {\r\n                transition: .5s;\r\n                opacity: 1;\r\n                margin-right: 20px;\r\n                text-decoration: none;\r\n                font-style: italic;\r\n            }\r\n        \r\n            a:hover {\r\n                opacity: .7;\r\n            }\r\n            .important{\r\n                font-weight: bolder;\r\n                color: lightblue;\r\n                font-size: 30px;\r\n                margin-left: 10px;\r\n            }\r\n            .important-1{\r\n                font-size: 20px;\r\n            }\r\n        </style>\r\n        <div class=\"content\">\r\n            <div class=\"box\">\r\n                <p><a href=\"http://127.0.0.1:8082/resetpwd\" target=\"_blank\" class=\"important important-1\">重置密码链接</a></p>\r\n                <p> (该验证码为一次性，无时间限制，但重复获取将被替代)!</p>\r\n                <p>亲爱的 <i class=\"important\">user2</i> </p>\r\n                <p>验证码为: <i class=\"important\">Au!lL+</i> </p>\r\n            </div>\r\n        </div>', '用户名：user2   验证码：Au!lL+   (验证码一次性且长期有效，但重复获取将被替代!)', '', 0, 1, 1, 0, 1556178805, 1556178805);
INSERT INTO `email` VALUES (15, 8, 0, '1479221500@qq.com', 'aroad.xyz@aliyun.com', '【萤火云】找回密码!', '<style>\r\n            .content {\r\n                width: 500px;\r\n                height: 500px;\r\n                background: lightcoral;\r\n                margin: auto;\r\n                padding: 30px;\r\n                text-align: left;\r\n                line-height: 40px;\r\n                margin-top: 50px;\r\n                margin-bottom: 150px;\r\n                border-radius: 4px;\r\n                font-weight: bold;\r\n                letter-spacing: 2px;\r\n                font-family: \"Helvetica Neue\",Helvetica,\"PingFang SC\",\"Hiragino Sans GB\",\"Microsoft YaHei\",\"微软雅黑\",Arial,sans-serif;\r\n                -webkit-font-smoothing: antialiased;\r\n                -moz-osx-font-smoothing: grayscale;\r\n                color: #2c3e50;\r\n            }\r\n            .box{\r\n                margin-top: 100px;\r\n            }\r\n        \r\n            a {\r\n                transition: .5s;\r\n                opacity: 1;\r\n                margin-right: 20px;\r\n                text-decoration: none;\r\n                font-style: italic;\r\n            }\r\n        \r\n            a:hover {\r\n                opacity: .7;\r\n            }\r\n            .important{\r\n                font-weight: bolder;\r\n                color: lightblue;\r\n                font-size: 30px;\r\n                margin-left: 10px;\r\n            }\r\n            .important-1{\r\n                font-size: 20px;\r\n            }\r\n        </style>\r\n        <div class=\"content\">\r\n            <div class=\"box\">\r\n                <p><a href=\"http://127.0.0.1:8082/resetpwd\" target=\"_blank\" class=\"important important-1\">重置密码链接</a></p>\r\n                <p> (该验证码为一次性，无时间限制，但重复获取将被替代)!</p>\r\n                <p>亲爱的 <i class=\"important\">user2</i> </p>\r\n                <p>验证码为: <i class=\"important\">H9W!*0</i> </p>\r\n            </div>\r\n        </div>', '用户名：user2   验证码：H9W!*0   (验证码一次性且长期有效，但重复获取将被替代!)', '', 0, 1, 1, 0, 1556179826, 1556179826);
INSERT INTO `email` VALUES (16, 1, 0, 'snoopyshenlu@163.com', 'aroad.xyz@aliyun.com', '【萤火云】找回密码!', '<style>\r\n            .content {\r\n                width: 500px;\r\n                height: 500px;\r\n                background: lightcoral;\r\n                margin: auto;\r\n                padding: 30px;\r\n                text-align: left;\r\n                line-height: 40px;\r\n                margin-top: 50px;\r\n                margin-bottom: 150px;\r\n                border-radius: 4px;\r\n                font-weight: bold;\r\n                letter-spacing: 2px;\r\n                font-family: \"Helvetica Neue\",Helvetica,\"PingFang SC\",\"Hiragino Sans GB\",\"Microsoft YaHei\",\"微软雅黑\",Arial,sans-serif;\r\n                -webkit-font-smoothing: antialiased;\r\n                -moz-osx-font-smoothing: grayscale;\r\n                color: #2c3e50;\r\n            }\r\n            .box{\r\n                margin-top: 100px;\r\n            }\r\n        \r\n            a {\r\n                transition: .5s;\r\n                opacity: 1;\r\n                margin-right: 20px;\r\n                text-decoration: none;\r\n                font-style: italic;\r\n            }\r\n        \r\n            a:hover {\r\n                opacity: .7;\r\n            }\r\n            .important{\r\n                font-weight: bolder;\r\n                color: lightblue;\r\n                font-size: 30px;\r\n                margin-left: 10px;\r\n            }\r\n            .important-1{\r\n                font-size: 20px;\r\n            }\r\n        </style>\r\n        <div class=\"content\">\r\n            <div class=\"box\">\r\n                <p><a href=\"http://127.0.0.1:8082/resetpwd\" target=\"_blank\" class=\"important important-1\">重置密码链接</a></p>\r\n                <p> (该验证码为一次性，无时间限制，但重复获取将被替代)!</p>\r\n                <p>亲爱的 <i class=\"important\">user1</i> </p>\r\n                <p>验证码为: <i class=\"important\">j%qWdg</i> </p>\r\n            </div>\r\n        </div>', '用户名：user1   验证码：j%qWdg   (验证码一次性且长期有效，但重复获取将被替代!)', '', 0, 1, 1, 0, 1556199284, 1556199284);
INSERT INTO `email` VALUES (17, 1, 0, 'snoopyshenlu@163.com', 'aroad.xyz@aliyun.com', '【萤火云】修改邮箱!', '<style>\r\n            .content {\r\n                width: 500px;\r\n                height: 500px;\r\n                background: lightcoral;\r\n                margin: auto;\r\n                padding: 30px;\r\n                text-align: left;\r\n                line-height: 40px;\r\n                margin-top: 50px;\r\n                margin-bottom: 150px;\r\n                border-radius: 4px;\r\n                font-weight: bold;\r\n                letter-spacing: 2px;\r\n                font-family: \"Helvetica Neue\",Helvetica,\"PingFang SC\",\"Hiragino Sans GB\",\"Microsoft YaHei\",\"微软雅黑\",Arial,sans-serif;\r\n                -webkit-font-smoothing: antialiased;\r\n                -moz-osx-font-smoothing: grayscale;\r\n                color: #2c3e50;\r\n            }\r\n            .box{\r\n                margin-top: 100px;\r\n            }\r\n        \r\n            a {\r\n                transition: .5s;\r\n                opacity: 1;\r\n                margin-right: 20px;\r\n                text-decoration: none;\r\n                font-style: italic;\r\n            }\r\n        \r\n            a:hover {\r\n                opacity: .7;\r\n            }\r\n            .important{\r\n                font-weight: bolder;\r\n                color: lightblue;\r\n                font-size: 30px;\r\n                margin-left: 10px;\r\n            }\r\n            .important-1{\r\n                font-size: 20px;\r\n            }\r\n        </style>\r\n        <div class=\"content\">\r\n            <div class=\"box\">\r\n                <p><a href=\"javascript:;\" target=\"_blank\" class=\"important important-1\">修改邮箱</a></p>\r\n                <p> (该验证码为一次性，无时间限制，但重复获取将被替代)!</p>\r\n                <p>亲爱的 <i class=\"important\">user1</i> </p>\r\n                <p>验证码为: <i class=\"important\">uH0.NC</i> </p>\r\n            </div>\r\n        </div>', '用户名：user1   验证码：uH0.NC   (验证码一次性且长期有效，但重复获取将被替代!)', '', 0, 1, 1, 0, 1556199908, 1556199908);
INSERT INTO `email` VALUES (18, 1, 0, 'snoopyshenlu@163.com', 'aroad.xyz@aliyun.com', '【萤火云】修改邮箱!', '<style>\r\n            .content {\r\n                width: 500px;\r\n                height: 500px;\r\n                background: lightcoral;\r\n                margin: auto;\r\n                padding: 30px;\r\n                text-align: left;\r\n                line-height: 40px;\r\n                margin-top: 50px;\r\n                margin-bottom: 150px;\r\n                border-radius: 4px;\r\n                font-weight: bold;\r\n                letter-spacing: 2px;\r\n                font-family: \"Helvetica Neue\",Helvetica,\"PingFang SC\",\"Hiragino Sans GB\",\"Microsoft YaHei\",\"微软雅黑\",Arial,sans-serif;\r\n                -webkit-font-smoothing: antialiased;\r\n                -moz-osx-font-smoothing: grayscale;\r\n                color: #2c3e50;\r\n            }\r\n            .box{\r\n                margin-top: 100px;\r\n            }\r\n        \r\n            a {\r\n                transition: .5s;\r\n                opacity: 1;\r\n                margin-right: 20px;\r\n                text-decoration: none;\r\n                font-style: italic;\r\n            }\r\n        \r\n            a:hover {\r\n                opacity: .7;\r\n            }\r\n            .important{\r\n                font-weight: bolder;\r\n                color: lightblue;\r\n                font-size: 30px;\r\n                margin-left: 10px;\r\n            }\r\n            .important-1{\r\n                font-size: 20px;\r\n            }\r\n        </style>\r\n        <div class=\"content\">\r\n            <div class=\"box\">\r\n                <p><a href=\"javascript:;\" target=\"_blank\" class=\"important important-1\">修改邮箱</a></p>\r\n                <p> (该验证码为一次性，无时间限制，但重复获取将被替代)!</p>\r\n                <p>亲爱的 <i class=\"important\">user1</i> </p>\r\n                <p>验证码为: <i class=\"important\">u-TUW+</i> </p>\r\n            </div>\r\n        </div>', '用户名：user1   验证码：u-TUW+   (验证码一次性且长期有效，但重复获取将被替代!)', '', 0, 1, 1, 0, 1556200809, 1556200809);

-- ----------------------------
-- Table structure for file
-- ----------------------------
DROP TABLE IF EXISTS `file`;
CREATE TABLE `file`  (
  `id` bigint(20) NOT NULL AUTO_INCREMENT COMMENT '编号',
  `folder_id` bigint(20) NULL DEFAULT NULL COMMENT '目录编号',
  `user_id` bigint(20) NULL DEFAULT NULL COMMENT '用户编号',
  `name` varchar(255) CHARACTER SET utf8mb4 COLLATE utf8mb4_general_ci NULL DEFAULT NULL COMMENT '原文件名',
  `save_name` varchar(255) CHARACTER SET utf8mb4 COLLATE utf8mb4_general_ci NULL DEFAULT NULL COMMENT '新文件名',
  `mime` varchar(50) CHARACTER SET utf8mb4 COLLATE utf8mb4_general_ci NULL DEFAULT NULL COMMENT '文件类型(mime)',
  `ext` varchar(20) CHARACTER SET utf8mb4 COLLATE utf8mb4_general_ci NULL DEFAULT NULL COMMENT '文件后缀',
  `size` varchar(100) CHARACTER SET utf8mb4 COLLATE utf8mb4_general_ci NULL DEFAULT NULL COMMENT '文件大小(Byte)',
  `path` varchar(255) CHARACTER SET utf8mb4 COLLATE utf8mb4_general_ci NULL DEFAULT NULL COMMENT '物理存储路径',
  `net_path` varchar(255) CHARACTER SET utf8mb4 COLLATE utf8mb4_general_ci NULL DEFAULT NULL COMMENT '网络路径',
  `user_path` varchar(255) CHARACTER SET utf8mb4 COLLATE utf8mb4_general_ci NULL DEFAULT NULL COMMENT '用户路径(关联folder表)',
  `old_path` varchar(255) CHARACTER SET utf8mb4 COLLATE utf8mb4_general_ci NULL DEFAULT NULL COMMENT '上一次路径(关联folder表)',
  `description_context` varchar(255) CHARACTER SET utf8mb4 COLLATE utf8mb4_general_ci NULL DEFAULT NULL COMMENT '文件描述',
  `is_encrypt` tinyint(1) NOT NULL DEFAULT 0 COMMENT '是否加密[0:没加密,1:加密]',
  `md5` varchar(255) CHARACTER SET utf8mb4 COLLATE utf8mb4_general_ci NULL DEFAULT NULL COMMENT '文件md5',
  `sha1` varchar(255) CHARACTER SET utf8mb4 COLLATE utf8mb4_general_ci NULL DEFAULT NULL COMMENT '文件sha1',
  `share_frequency` int(11) NOT NULL DEFAULT 0 COMMENT '分享次数',
  `down_frequency` int(11) NOT NULL DEFAULT 0 COMMENT '下载次数',
  `status` tinyint(1) NOT NULL DEFAULT 1 COMMENT '状态[0:隐藏,1:显示]',
  `is_deleted` tinyint(1) NOT NULL DEFAULT 0 COMMENT '是否删除[0:未删除,1:已删除]',
  `regtime` int(10) NULL DEFAULT NULL COMMENT '创建时间',
  `uptime` int(10) NULL DEFAULT NULL COMMENT '最近更新',
  PRIMARY KEY (`id`) USING BTREE
) ENGINE = InnoDB AUTO_INCREMENT = 77 CHARACTER SET = utf8mb4 COLLATE = utf8mb4_general_ci ROW_FORMAT = Dynamic;

-- ----------------------------
-- Records of file
-- ----------------------------
INSERT INTO `file` VALUES (1, 4, 1, 'f5e951fe320e46009afe136c2955015f!400x400.jpeg', 'b7148bf627e7c6214e58f48c62786453.jpeg', 'image/jpeg', 'jpeg', '24669', './uploads/file/1/20190427/b7148bf627e7c6214e58f48c62786453.jpeg', '/uploads/file/1/20190427/b7148bf627e7c6214e58f48c62786453.jpeg', '4/', '4/', NULL, 0, 'bf75ccd7246c5127a73b93e71b234eaa', 'deda70e44fe362b3914a539af73446aaf24dc9cc', 0, 0, 1, 0, 1556377028, 1556377028);
INSERT INTO `file` VALUES (2, 4, 1, 'frp_win64.zip', '798aceaba84800f0831d00c8a7c60713.zip', 'application/zip', 'zip', '3894956', './uploads/file/1/20190427/798aceaba84800f0831d00c8a7c60713.zip', '/uploads/file/1/20190427/798aceaba84800f0831d00c8a7c60713.zip', '4/', '4/', NULL, 0, 'f9ec71ffc506c8bcb2e9a0f2188afc0d', 'cf15a4a998b191ea9c1a48f7ca7a44ef9d7f1e98', 0, 0, 1, 0, 1556377068, 1556377068);
INSERT INTO `file` VALUES (3, 4, 1, 'c21bf361d8e54242a01c666008c77eeb!400x400.jpeg', '46bf5f3a758f2567aca49d802eaaac76.jpeg', 'image/jpeg', 'jpeg', '45044', './uploads/file/1/20190427/46bf5f3a758f2567aca49d802eaaac76.jpeg', '/uploads/file/1/20190427/46bf5f3a758f2567aca49d802eaaac76.jpeg', '4/', '4/', NULL, 0, 'f4ca9eb9d4f7f22f2c5783d2133ec5ec', '3c70c61e601b0d253b97b0ddedd1c0617ba99655', 0, 0, 1, 0, 1556377118, 1556377118);
INSERT INTO `file` VALUES (4, 4, 1, 'headerbg1.jpg', 'd5acf2d85836f7d90de121605d356b22.jpg', 'image/jpeg', 'jpg', '96559', './uploads/file/1/20190427/d5acf2d85836f7d90de121605d356b22.jpg', '/uploads/file/1/20190427/d5acf2d85836f7d90de121605d356b22.jpg', '4/', '4/', NULL, 0, '44fff95d75834f2df01699a9e7e11e96', '6adb235ba5f47ae7216aeb3ad8c6d5274c9ca0ab', 0, 0, 1, 0, 1556378953, 1556378953);
INSERT INTO `file` VALUES (5, 4, 1, '1410925395-XT.png', '5d6bd3a7a67724ca0f9b5a5ff366fefe.png', 'image/png', 'png', '9810', './uploads/file/1/20190427/5d6bd3a7a67724ca0f9b5a5ff366fefe.png', '/uploads/file/1/20190427/5d6bd3a7a67724ca0f9b5a5ff366fefe.png', '4/', '4/', NULL, 0, 'e2d2885865f271b033abb151906ca96b', 'd9691e04a1a98da5e90eb33240668bdf0e67100a', 0, 0, 1, 0, 1556379050, 1556379050);
INSERT INTO `file` VALUES (10, 4, 1, 'headerbg.jpg', 'd5acf2d85836f7d90de121605d356b22.jpg', 'image/jpeg', 'jpg', '96559', './uploads/file/1/20190427/d5acf2d85836f7d90de121605d356b22.jpg', '/uploads/file/1/20190427/d5acf2d85836f7d90de121605d356b22.jpg', '4/', '4/', NULL, 0, '44fff95d75834f2df01699a9e7e11e96', '6adb235ba5f47ae7216aeb3ad8c6d5274c9ca0ab', 0, 0, 1, 0, 1556379808, 1556379808);
INSERT INTO `file` VALUES (11, 4, 1, 'firefly_cloud.sql', '6380b0ca70e76e3847b83120090a5ab9.sql', 'application/octet-stream', 'sql', '246404', './uploads/file/1/20190427/6380b0ca70e76e3847b83120090a5ab9.sql', '/uploads/file/1/20190427/6380b0ca70e76e3847b83120090a5ab9.sql', '4/', '4/', NULL, 0, '6ded897f690bc6e137e671be61123bf9', 'dc72779033652b7a084a1588beae51f1ba1005f4', 0, 0, 1, 0, 1556379896, 1556379896);
INSERT INTO `file` VALUES (12, 4, 1, 'Always Smiling.mp3', '85246004c45686093608821d125fab57.mp3', 'audio/mp3', 'mp3', '4236770', './uploads/file/1/20190427/85246004c45686093608821d125fab57.mp3', '/uploads/file/1/20190427/85246004c45686093608821d125fab57.mp3', '4/', '4/', NULL, 0, '9adf28e8cde8210f2283b829702e7715', '9916d08f70a850de35650a59a10e0eefe03942be', 0, 0, 1, 0, 1556380053, 1556380053);
INSERT INTO `file` VALUES (13, 4, 1, 'BAAD - 君が好きだと叫びたい.mp3', 'acbc00fd5f6df2aa85df8770c9baaa6f.mp3', 'audio/mp3', 'mp3', '9386610', './uploads/file/1/20190427/acbc00fd5f6df2aa85df8770c9baaa6f.mp3', '/uploads/file/1/20190427/acbc00fd5f6df2aa85df8770c9baaa6f.mp3', '4/', '4/', NULL, 0, 'a81dbcd6b2f0356ca00c58b0b7c8f53a', 'd74099c2e96f31c8b598bbc0fe77b021d5569b58', 0, 0, 1, 0, 1556380238, 1556380238);
INSERT INTO `file` VALUES (14, 4, 1, 'Candy - Bila.mp3', 'f3614e88dc1df149284da98576314fde.mp3', 'audio/mp3', 'mp3', '8773221', './uploads/file/1/20190427/f3614e88dc1df149284da98576314fde.mp3', '/uploads/file/1/20190427/f3614e88dc1df149284da98576314fde.mp3', '4/', '4/', NULL, 0, '1fb26a5126455ae9fe244d6a75b30403', '49bcbcf814ff9ae2a74c2b6315ddd605ca4faa39', 0, 0, 1, 0, 1556380505, 1556380505);
INSERT INTO `file` VALUES (15, 4, 1, 'Bethel Music,Kristene DiMarco - It Is Well (Live).mp3', 'd589b2f8abb7812538edf31b3e81ecaa.mp3', 'audio/mp3', 'mp3', '9507881', './uploads/file/1/20190427/d589b2f8abb7812538edf31b3e81ecaa.mp3', '/uploads/file/1/20190427/d589b2f8abb7812538edf31b3e81ecaa.mp3', '4/', '4/', NULL, 0, '5e9cce7ea24f68d671d45d4615192843', '192cf53165d1d875449763fc21b1a7fbad8b9574', 0, 0, 1, 0, 1556380557, 1556380557);
INSERT INTO `file` VALUES (16, 4, 1, 'Deep breath - 伊始（original edition）.mp3', 'd8f2269d94f7359e5c58820463173001.mp3', 'audio/mp3', 'mp3', '5362316', './uploads/file/1/20190427/d8f2269d94f7359e5c58820463173001.mp3', '/uploads/file/1/20190427/d8f2269d94f7359e5c58820463173001.mp3', '4/', '4/', NULL, 0, '3d8896a579261c57280e6888618b9b45', '1ec949fcc8adfa40d9fcd7570a04fb7b237f10ba', 0, 0, 1, 0, 1556380696, 1556380696);
INSERT INTO `file` VALUES (17, 4, 1, 'CHiCO with HoneyWorks - 世界は恋に落ちている.mp3', '46cd1897466b09605bd10248734c10c3.mp3', 'audio/mp3', 'mp3', '12815394', './uploads/file/1/20190428/46cd1897466b09605bd10248734c10c3.mp3', '/uploads/file/1/20190428/46cd1897466b09605bd10248734c10c3.mp3', '4/', '4/', NULL, 0, '78d241a85f4ef0a151745021ff9c348e', '2b8232de8759fe37fa8959692b6ef69c6fcec6b6', 0, 0, 1, 0, 1556380855, 1556380855);
INSERT INTO `file` VALUES (18, 4, 1, 'a_hisa - Ethtonica.mp3', '8fb21f6cbb4f962c3511cf3169822c09.mp3', 'audio/mp3', 'mp3', '12886440', './uploads/file/1/20190428/8fb21f6cbb4f962c3511cf3169822c09.mp3', '/uploads/file/1/20190428/8fb21f6cbb4f962c3511cf3169822c09.mp3', '4/', '4/', NULL, 0, '791555d3373a0cbb90aa91428aa62a72', '64858e80178e0b5549c04773649fadf5c057a7d9', 0, 0, 1, 0, 1556380937, 1556380937);
INSERT INTO `file` VALUES (19, 4, 1, 'Daler Mehndi - Tunak Tunak Tun.mp3', '23f1a09e754e5430695701e1985ca22b.mp3', 'audio/mp3', 'mp3', '3933507', './uploads/file/1/20190428/23f1a09e754e5430695701e1985ca22b.mp3', '/uploads/file/1/20190428/23f1a09e754e5430695701e1985ca22b.mp3', '4/', '4/', NULL, 0, '22730d15856aabb0e80cf9e61c8e98b4', 'e9c9e61c0e93c242a9d73bfb6f388b21a17ed240', 0, 0, 1, 0, 1556381183, 1556381183);
INSERT INTO `file` VALUES (20, 4, 1, 'Dan Gibson - The Canon Stirs.mp3', '385fd81d4de27a41f07ff28fc630c5e5.mp3', 'audio/mp3', 'mp3', '11135947', './uploads/file/1/20190428/385fd81d4de27a41f07ff28fc630c5e5.mp3', '/uploads/file/1/20190428/385fd81d4de27a41f07ff28fc630c5e5.mp3', '4/', '4/', NULL, 0, '9c3d412a04642ce306e8177c80d21665', 'd02498cef4c8ba2369048603aeddddf30c4f691d', 0, 0, 1, 0, 1556381214, 1556381214);
INSERT INTO `file` VALUES (21, 4, 1, 'Ghost Oracle Drive - Human After All.mp3', '11eb04dd35ee7fde98253b3932b9e1db.mp3', 'audio/mp3', 'mp3', '11102579', './uploads/file/1/20190428/11eb04dd35ee7fde98253b3932b9e1db.mp3', '/uploads/file/1/20190428/11eb04dd35ee7fde98253b3932b9e1db.mp3', '4/', '4/', NULL, 0, '2b1ef2a511060ebe9abc59408af487aa', '01e69c73eae86dfb838c8363cdf9cd729f25e9a9', 0, 0, 1, 0, 1556381289, 1556381289);
INSERT INTO `file` VALUES (22, 4, 1, 'Dave Rodgers - Deja Vu.mp3', '2425a2da97823aa1bfb17cb79899d1fc.mp3', 'audio/mp3', 'mp3', '10940874', './uploads/file/1/20190428/2425a2da97823aa1bfb17cb79899d1fc.mp3', '/uploads/file/1/20190428/2425a2da97823aa1bfb17cb79899d1fc.mp3', '4/', '4/', NULL, 0, 'fa20d6129b1220c77dfe412fed48ff3e', 'cd089ba054983acf8d68d44aebc0d865ee0a87a9', 0, 0, 1, 0, 1556381317, 1556381317);
INSERT INTO `file` VALUES (23, 4, 1, 'I WiSH - 明日への扉.mp3', '0724658ac6ad904cb56121d2dbeab811.mp3', 'audio/mp3', 'mp3', '11951463', './uploads/file/1/20190428/0724658ac6ad904cb56121d2dbeab811.mp3', '/uploads/file/1/20190428/0724658ac6ad904cb56121d2dbeab811.mp3', '4/', '4/', NULL, 0, '4dd46a277bee75f4d55b6e2083f4d45e', 'c3a9559834eaeb6435dc03132b94a9218dd66259', 0, 0, 1, 0, 1556381367, 1556381367);
INSERT INTO `file` VALUES (24, 4, 1, 'Duca - たいせつなきみのために、ぼくにできるいちばんのこと.mp3', '4f43aedbdd5f57db9c6e6794ad137e8e.mp3', 'audio/mp3', 'mp3', '18209127', './uploads/file/1/20190428/4f43aedbdd5f57db9c6e6794ad137e8e.mp3', '/uploads/file/1/20190428/4f43aedbdd5f57db9c6e6794ad137e8e.mp3', '4/', '4/', NULL, 0, 'acea5f33168dd48a38838b6c6fc110ab', '8575f4339a4e48038e201a1467b528f0f3f5cfe7', 0, 0, 1, 0, 1556381479, 1556381479);
INSERT INTO `file` VALUES (25, 4, 1, 'Hanser,syepias - 平行线 钢琴版（人渣的本愿ED）（Cover 酸欠少女サユリ）.mp3', '30e3584171e89cf9b5338377d8144c30.mp3', 'audio/mp3', 'mp3', '11680751', './uploads/file/1/20190428/30e3584171e89cf9b5338377d8144c30.mp3', '/uploads/file/1/20190428/30e3584171e89cf9b5338377d8144c30.mp3', '4/', '4/', NULL, 0, '0e8c113b2765e9fb44e780cf3e2ae7f7', 'c31ee0784cd0c82f3a1ea19a3a3994fc0d023290', 0, 0, 1, 0, 1556381629, 1556381629);
INSERT INTO `file` VALUES (26, 4, 1, 'Falcom Sound Team jdk - 街角の风景.mp3', 'b78623d8c9feb8e659fb25e8cfeab491.mp3', 'audio/mp3', 'mp3', '6320173', './uploads/file/1/20190428/b78623d8c9feb8e659fb25e8cfeab491.mp3', '/uploads/file/1/20190428/b78623d8c9feb8e659fb25e8cfeab491.mp3', '4/', '4/', NULL, 0, 'd504a79ff9a6a10c1bf35a0ce7a51d1a', '61924322b1ddf8a9985925fb8ef035fcce31f2ac', 0, 0, 1, 0, 1556381654, 1556381654);
INSERT INTO `file` VALUES (27, 4, 1, 'Kiroro - ひとつぶの涙.mp3', '4fe101d62d0315b17bb5b2e61bf1ba1b.mp3', 'audio/mp3', 'mp3', '6027051', './uploads/file/1/20190428/4fe101d62d0315b17bb5b2e61bf1ba1b.mp3', '/uploads/file/1/20190428/4fe101d62d0315b17bb5b2e61bf1ba1b.mp3', '4/', '4/', NULL, 0, 'aa46e54c5dbb7e9af97dd968c305e2c1', '423ee5f7cbe4c5b16ba41811882104a4619b43e6', 0, 0, 1, 0, 1556381687, 1556381687);
INSERT INTO `file` VALUES (28, 4, 1, 'Blazo - Righteous Path.mp3', '3ea70db67d889d46c91e7ca40b294e6a.mp3', 'audio/mp3', 'mp3', '5987035', './uploads/file/1/20190428/3ea70db67d889d46c91e7ca40b294e6a.mp3', '/uploads/file/1/20190428/3ea70db67d889d46c91e7ca40b294e6a.mp3', '4/', '4/', NULL, 0, '46a030fcf96040425f96058de26be0c9', 'ff4b3e6af6baa71185febf81c899fbeb8e54366a', 0, 0, 1, 0, 1556381746, 1556381746);
INSERT INTO `file` VALUES (29, 4, 1, 'July - 사랑에 베이다.mp3', '814888c0e52244e6e40ea42e2a6fafe2.mp3', 'audio/mp3', 'mp3', '11150948', './uploads/file/1/20190428/814888c0e52244e6e40ea42e2a6fafe2.mp3', '/uploads/file/1/20190428/814888c0e52244e6e40ea42e2a6fafe2.mp3', '4/', '4/', NULL, 0, '1d2961f7b9d5fe991ff5a38bfb4176e6', '1d902bee6194b94e26f7f5f82205149711687744', 0, 0, 1, 0, 1556382004, 1556382004);
INSERT INTO `file` VALUES (30, 4, 1, 'LiSA - THIS ILLUSION.mp3', '86fd513f63aa38e2213ef6ff24fcc31f.mp3', 'audio/mp3', 'mp3', '9934296', './uploads/file/1/20190428/86fd513f63aa38e2213ef6ff24fcc31f.mp3', '/uploads/file/1/20190428/86fd513f63aa38e2213ef6ff24fcc31f.mp3', '4/', '4/', NULL, 0, '738881857cc3275c129831bf5a3ab75e', '7a3e3f7a44a263a04d6ab29905ab86403ba0020f', 0, 0, 1, 0, 1556382072, 1556382072);
INSERT INTO `file` VALUES (31, 4, 1, 'Emi Evans - Weight of the World (Nouveau-FR Version).mp3', '7ea650df953c6c3e36b88159ac2c9963.mp3', 'audio/mp3', 'mp3', '14153931', './uploads/file/1/20190428/7ea650df953c6c3e36b88159ac2c9963.mp3', '/uploads/file/1/20190428/7ea650df953c6c3e36b88159ac2c9963.mp3', '4/', '4/', NULL, 0, '03b9f158054c1cd8e98acd1f4e1d26ef', '45a424b864232b0258ceb84c7ed39ff14f8db788', 0, 0, 1, 0, 1556382223, 1556382223);
INSERT INTO `file` VALUES (32, 4, 1, 'Eleni Karaindrou - El vals.mp3', '79b87d124ff0caf2fb7bda081b02518b.mp3', 'audio/mp3', 'mp3', '6378636', './uploads/file/1/20190428/79b87d124ff0caf2fb7bda081b02518b.mp3', '/uploads/file/1/20190428/79b87d124ff0caf2fb7bda081b02518b.mp3', '4/', '4/', NULL, 0, 'a9cb8c8f4f731827f79454c8454b8cb1', 'cc0491f014b101ae8e15953b71d76136d005c984', 0, 0, 1, 0, 1556382343, 1556382343);
INSERT INTO `file` VALUES (33, 4, 1, 'Richard Clayderman - 梦中的婚礼.mp3', '7f8b077254addc8b1e51c0bb65322e0f.mp3', 'audio/mp3', 'mp3', '6642951', './uploads/file/1/20190428/7f8b077254addc8b1e51c0bb65322e0f.mp3', '/uploads/file/1/20190428/7f8b077254addc8b1e51c0bb65322e0f.mp3', '4/', '4/', NULL, 0, 'e897c9c88da0bcf5f150dbf927bb9c51', 'a90b85268b1c1f6cbbf966e9bd7e3bb605d4b409', 0, 0, 1, 0, 1556382371, 1556382371);
INSERT INTO `file` VALUES (34, 4, 1, 'Melodic Taste - 恋爱サーキュレーション(“化物语”より).mp3', '74b34542763c48eec6ac487ed6419754.mp3', 'audio/mp3', 'mp3', '11191713', './uploads/file/1/20190428/74b34542763c48eec6ac487ed6419754.mp3', '/uploads/file/1/20190428/74b34542763c48eec6ac487ed6419754.mp3', '4/', '4/', NULL, 0, '6a93ec77bb7ade77014a3cbf8a605bad', 'b2adf3c4b73fc267600565b0035bcc0ad4312c1c', 0, 0, 1, 0, 1556382440, 1556382440);
INSERT INTO `file` VALUES (35, 4, 1, 'eufonius - 比翼の羽根.mp3', '29bc3befd5e93ce469043e448bdcf9ce.mp3', 'audio/mp3', 'mp3', '11686307', './uploads/file/1/20190428/29bc3befd5e93ce469043e448bdcf9ce.mp3', '/uploads/file/1/20190428/29bc3befd5e93ce469043e448bdcf9ce.mp3', '4/', '4/', NULL, 0, '591d5b8f173ef0d39f91a283c222c8b2', '7d14566263c4e04e054f48ca6e04ebcb06a40aca', 0, 0, 1, 0, 1556382499, 1556382499);
INSERT INTO `file` VALUES (36, 4, 1, 'H△G - 君に聴かせたかった歌 (Original Artist：6% is MINE) (1).mp3', 'a6b17bbfca74754ffd3b1719dc9d05db.mp3', 'audio/mp3', 'mp3', '11660166', './uploads/file/1/20190428/a6b17bbfca74754ffd3b1719dc9d05db.mp3', '/uploads/file/1/20190428/a6b17bbfca74754ffd3b1719dc9d05db.mp3', '4/', '4/', NULL, 0, '9bf8510eb629010fafc6ff91fe5d7f92', 'ba76c3d45bfc63ca29b751098352714db1a7a453', 0, 0, 1, 0, 1556382522, 1556382522);
INSERT INTO `file` VALUES (37, 4, 1, 'ANANT-GARDE EYES - unjust life.mp3', '901d1464a69d7fb0164559e2c06b278f.mp3', 'audio/mp3', 'mp3', '6681083', './uploads/file/1/20190428/901d1464a69d7fb0164559e2c06b278f.mp3', '/uploads/file/1/20190428/901d1464a69d7fb0164559e2c06b278f.mp3', '4/', '4/', NULL, 0, '879104056be4bf9ae021850fea80de6d', '2188e74eeb5e9aa5af322418845a8bd352c2b921', 0, 0, 1, 0, 1556382579, 1556382579);
INSERT INTO `file` VALUES (38, 4, 1, 'Candee! - Ein kleines Lied (Around The World).mp3', 'b67b2e24a874debd08230e2588a2ec6b.mp3', 'audio/mp3', 'mp3', '8695880', './uploads/file/1/20190428/b67b2e24a874debd08230e2588a2ec6b.mp3', '/uploads/file/1/20190428/b67b2e24a874debd08230e2588a2ec6b.mp3', '4/', '4/', NULL, 0, 'b30f6eb2cb3e14d8cce23e638022c72b', 'c1d3430c15647b71fcbc3e34f7f73de3dae8647d', 0, 0, 1, 0, 1556382959, 1556382959);
INSERT INTO `file` VALUES (39, 4, 1, 'Goose house - 光るなら.mp3', 'b44af241d563251a334bc33f9a582e21.mp3', 'audio/mp3', 'mp3', '10400051', './uploads/file/1/20190428/b44af241d563251a334bc33f9a582e21.mp3', '/uploads/file/1/20190428/b44af241d563251a334bc33f9a582e21.mp3', '4/', '4/', NULL, 0, 'cfeb0a8721f39375d30c6f2ff78bb7ff', '70ac096b9f09a0d4f77c38e656dcd4e2325b33aa', 0, 0, 1, 0, 1556382979, 1556382979);
INSERT INTO `file` VALUES (40, 4, 1, 'DJ建斌 - （B面）全中文女声音乐情歌系列HQ车载专辑.mp3', 'cfe2d2cd16114135d09ad2e96ca7f89b.mp3', 'audio/mp3', 'mp3', '69743558', './uploads/file/1/20190428/cfe2d2cd16114135d09ad2e96ca7f89b.mp3', '/uploads/file/1/20190428/cfe2d2cd16114135d09ad2e96ca7f89b.mp3', '4/', '4/', NULL, 0, '0d0a725824859a779c09aba7026ebdae', '3ec45106058579e701e245a6e054ade1cea96b37', 0, 0, 1, 0, 1556383032, 1556383032);
INSERT INTO `file` VALUES (55, 4, 1, '0ab1bb678e5544b6965d329a30d606c0!400x400.jpeg', '1e9d45e3bf89e106ecff55151e4d084b.jpeg', 'image/jpeg', 'jpeg', '38357', './uploads/file/1/20190428/1e9d45e3bf89e106ecff55151e4d084b.jpeg', '/uploads/file/1/20190428/1e9d45e3bf89e106ecff55151e4d084b.jpeg', '4/', '4/', NULL, 0, '1a459f4b176c0f8664621b265faf428e', 'f1cb4330a72fc177158491a79c8e9ce77a6b3246', 0, 0, 1, 0, 1556442912, 1556442912);
INSERT INTO `file` VALUES (56, 4, 1, '1 - 副本.jpeg', '27cde5c2b34993e86d0ad663eb1b7c5d.jpeg', 'image/jpeg', 'jpeg', '33809', './uploads/file/1/20190428/27cde5c2b34993e86d0ad663eb1b7c5d.jpeg', '/uploads/file/1/20190428/27cde5c2b34993e86d0ad663eb1b7c5d.jpeg', '4/', '4/', NULL, 0, 'db4471ff0201f51aed09529a4ec57f19', 'f66fedac728398e68c16a0a540c5e5f3b1363791', 0, 0, 1, 0, 1556443186, 1556443186);
INSERT INTO `file` VALUES (57, 4, 1, '1.jpeg', '27cde5c2b34993e86d0ad663eb1b7c5d.jpeg', 'image/jpeg', 'jpeg', '33809', './uploads/file/1/20190428/27cde5c2b34993e86d0ad663eb1b7c5d.jpeg', '/uploads/file/1/20190428/27cde5c2b34993e86d0ad663eb1b7c5d.jpeg', '4/', '4/', NULL, 0, 'db4471ff0201f51aed09529a4ec57f19', 'f66fedac728398e68c16a0a540c5e5f3b1363791', 0, 0, 1, 0, 1556443263, 1556443263);
INSERT INTO `file` VALUES (58, 4, 1, '3b57dae5eb664c94bfc579076b7106e8!400x400.jpeg', '30d6f8b3f13144a6aab7a0b604ad1ee5.jpeg', 'image/jpeg', 'jpeg', '34032', './uploads/file/1/20190428/30d6f8b3f13144a6aab7a0b604ad1ee5.jpeg', '/uploads/file/1/20190428/30d6f8b3f13144a6aab7a0b604ad1ee5.jpeg', '4/', '4/', NULL, 0, 'bee842d692718bb4abffcf2bf9a29796', '786e79e67b17ac345e5c31ff1cf43c01561a89f3', 0, 0, 1, 0, 1556443274, 1556443274);
INSERT INTO `file` VALUES (59, 4, 1, '2b914489f2534aefbcc9c6d04a5bccc5!400x400.jpeg', 'ab8c5af5c42f162eb1d4107b8fe919fc.jpeg', 'image/jpeg', 'jpeg', '39234', './uploads/file/1/20190428/ab8c5af5c42f162eb1d4107b8fe919fc.jpeg', '/uploads/file/1/20190428/ab8c5af5c42f162eb1d4107b8fe919fc.jpeg', '4/', '4/', NULL, 0, '6caf061a9928f57168c996aa924b8242', '979c99d111d329609c33bf2688a44b4cadd9f823', 0, 0, 1, 0, 1556443320, 1556443320);
INSERT INTO `file` VALUES (60, 4, 1, 'eac0ed7b62a447848ddf5461d3f7e22e!400x400.jpeg', '27cde5c2b34993e86d0ad663eb1b7c5d.jpeg', 'image/jpeg', 'jpeg', '33809', './uploads/file/1/20190428/27cde5c2b34993e86d0ad663eb1b7c5d.jpeg', '/uploads/file/1/20190428/27cde5c2b34993e86d0ad663eb1b7c5d.jpeg', '4/', '4/', NULL, 0, 'db4471ff0201f51aed09529a4ec57f19', 'f66fedac728398e68c16a0a540c5e5f3b1363791', 0, 0, 1, 0, 1556443369, 1556443369);
INSERT INTO `file` VALUES (61, 4, 1, '581daf14fee449e1b240ccd40509ec4a!400x400.jpeg', '6ba516b4289a73db1ea12804557fdab5.jpeg', 'image/jpeg', 'jpeg', '22138', './uploads/file/1/20190428/6ba516b4289a73db1ea12804557fdab5.jpeg', '/uploads/file/1/20190428/6ba516b4289a73db1ea12804557fdab5.jpeg', '4/', '4/', NULL, 0, '14242c68b0afe0cb5e25559081ff560e', '37baf846749c609d29e51df28409370478512173', 0, 0, 1, 0, 1556443375, 1556443375);
INSERT INTO `file` VALUES (62, 4, 1, '265c5e40875342adb5814409fce838f7!400x400.jpeg', '611916707d250a08f5c0408c2074f212.jpeg', 'image/jpeg', 'jpeg', '29426', './uploads/file/1/20190428/611916707d250a08f5c0408c2074f212.jpeg', '/uploads/file/1/20190428/611916707d250a08f5c0408c2074f212.jpeg', '4/', '4/', NULL, 0, '93da778b224c866115dcb58057712c1c', 'baa55935f413784a5035c3c500ca54d6c39bb29b', 0, 0, 1, 0, 1556443443, 1556443443);
INSERT INTO `file` VALUES (63, 4, 1, '0625d12367714931aacb11aa5e221684!400x400.jpeg', '1422fc942538809bac2563469f8c5c3c.jpeg', 'image/jpeg', 'jpeg', '31606', './uploads/file/1/20190428/1422fc942538809bac2563469f8c5c3c.jpeg', '/uploads/file/1/20190428/1422fc942538809bac2563469f8c5c3c.jpeg', '4/', '4/', NULL, 0, '2c590596527a4380b207ce2d83eac45c', '9724bac2866b0ec43d9e0ae740c58bca069af63c', 0, 0, 1, 0, 1556443512, 1556443512);
INSERT INTO `file` VALUES (64, 4, 1, 'font-awesome-4.7.0.zip', '43f5c7edb2022964e2c8ef5deaf4ef71.zip', 'application/x-zip-compressed', 'zip', '669808', './uploads/file/1/20190428/43f5c7edb2022964e2c8ef5deaf4ef71.zip', '/uploads/file/1/20190428/43f5c7edb2022964e2c8ef5deaf4ef71.zip', '4/', '4/', NULL, 0, '81370a41c788d153d041e46d54e8d08e', '15765aabbb63ba98e8d534bd463c2fd0b868d0ae', 0, 0, 1, 0, 1556443957, 1556443957);
INSERT INTO `file` VALUES (65, 4, 1, 'font-awesome-4.7.0 - 副本.zip', '43f5c7edb2022964e2c8ef5deaf4ef71.zip', 'application/x-zip-compressed', 'zip', '669808', './uploads/file/1/20190428/43f5c7edb2022964e2c8ef5deaf4ef71.zip', '/uploads/file/1/20190428/43f5c7edb2022964e2c8ef5deaf4ef71.zip', '4/', '4/', NULL, 0, '81370a41c788d153d041e46d54e8d08e', '15765aabbb63ba98e8d534bd463c2fd0b868d0ae', 0, 0, 1, 0, 1556444010, 1556444010);
INSERT INTO `file` VALUES (66, 4, 1, 'jq22pd-d44b4708-2d96-11e4-8b02-000c29f61318.zip', '8b4eda4f7845f5f84be0b0584187df92.zip', 'application/x-zip-compressed', 'zip', '56082', './uploads/file/1/20190428/8b4eda4f7845f5f84be0b0584187df92.zip', '/uploads/file/1/20190428/8b4eda4f7845f5f84be0b0584187df92.zip', '4/', '4/', NULL, 0, '086b9779fcde3d54aee371c013886015', 'd09bb3e348b1dd58558eb122fe8a86eda241328b', 0, 0, 1, 0, 1556444047, 1556444047);
INSERT INTO `file` VALUES (67, 4, 1, '1.jpg', '03dc3af98be9268519ec418e4604fbb7.jpg', 'image/jpeg', 'jpg', '249661', './uploads/file/1/20190428/03dc3af98be9268519ec418e4604fbb7.jpg', '/uploads/file/1/20190428/03dc3af98be9268519ec418e4604fbb7.jpg', '4/', '4/', NULL, 0, '13ba40ffc2f4bf77783394cda29f9eaa', '6e03e06cca0bd8e64b506795e92e85b8c5f051ef', 0, 0, 1, 0, 1556444059, 1556444059);
INSERT INTO `file` VALUES (68, 4, 1, 'a1fbb2b704fc4e34a44a4ecae5f1b8bd!400x400.jpeg', '30fff40b112f6b97528e6f969c47e7a5.jpeg', 'image/jpeg', 'jpeg', '33814', './uploads/file/1/20190428/30fff40b112f6b97528e6f969c47e7a5.jpeg', '/uploads/file/1/20190428/30fff40b112f6b97528e6f969c47e7a5.jpeg', '4/', '4/', NULL, 0, '566d58a507b81f45d6b1c8b861a774ad', '2a97db13032b4ba76c06cfa029f26744ce670adf', 0, 0, 1, 0, 1556444099, 1556444099);
INSERT INTO `file` VALUES (69, 4, 1, 'a8d31d950c714447b03a126f2c65d949!400x400.jpeg', 'f7b1af447843bf0ce7da7f0f19cacd61.jpeg', 'image/jpeg', 'jpeg', '31116', './uploads/file/1/20190428/f7b1af447843bf0ce7da7f0f19cacd61.jpeg', '/uploads/file/1/20190428/f7b1af447843bf0ce7da7f0f19cacd61.jpeg', '4/', '4/', NULL, 0, 'e562ee9adaaaf304481ba1e72ba3d66a', '2e17d68dcd906e5471d77cb82023d4040bbc74e8', 0, 0, 1, 0, 1556444099, 1556444099);
INSERT INTO `file` VALUES (70, 4, 1, '4ed8396a1ffe4576aabde08cdabd3abb!400x400.jpeg', 'ebcb8a523abf147f3938e55430734d96.jpeg', 'image/jpeg', 'jpeg', '33315', './uploads/file/1/20190428/ebcb8a523abf147f3938e55430734d96.jpeg', '/uploads/file/1/20190428/ebcb8a523abf147f3938e55430734d96.jpeg', '4/', '4/', NULL, 0, 'a22a6b8f4ba841317df7fdbe275951ae', 'a2e2df7e0e7be3a6d064416da9a5cffe76632e90', 0, 0, 1, 0, 1556444099, 1556444099);
INSERT INTO `file` VALUES (71, 4, 1, '2759ee5b67074f8ea6dd412ff7e1a068!400x400.jpeg', '40a5ec98f3b5b1d36cbc59881223a68f.jpeg', 'image/jpeg', 'jpeg', '55010', './uploads/file/1/20190428/40a5ec98f3b5b1d36cbc59881223a68f.jpeg', '/uploads/file/1/20190428/40a5ec98f3b5b1d36cbc59881223a68f.jpeg', '4/', '4/', NULL, 0, '2f8f6ec44ba851288f33a736f7ff312c', 'df0f8ff7255a5ceddeb295b635ef003f01441ba0', 0, 0, 1, 0, 1556444099, 1556444099);
INSERT INTO `file` VALUES (72, 4, 1, 'f89e459967944cdea41c1f92c2cd7a01!400x400.jpeg', '62c0a0d274482bdfa0098f8f8fe72247.jpeg', 'image/jpeg', 'jpeg', '34091', './uploads/file/1/20190428/62c0a0d274482bdfa0098f8f8fe72247.jpeg', '/uploads/file/1/20190428/62c0a0d274482bdfa0098f8f8fe72247.jpeg', '4/', '4/', NULL, 0, '4c34f51a57b9995deb8dccd2f030833c', '643fd6b045b67c9452b6b377fd5fe4a9fba2bc5a', 0, 0, 1, 0, 1556444100, 1556444100);
INSERT INTO `file` VALUES (73, 4, 1, 'cfd1f737bc9b49b78bd967fe1d2002c1!400x400.jpeg', '388f9b03322c9fe110b1ee28b1804fd2.jpeg', 'image/jpeg', 'jpeg', '16367', './uploads/file/1/20190428/388f9b03322c9fe110b1ee28b1804fd2.jpeg', '/uploads/file/1/20190428/388f9b03322c9fe110b1ee28b1804fd2.jpeg', '4/', '4/', NULL, 0, '3a486cee1572a3879244c8438bf8ee74', '1ec2f22b797a0670c75723b62ea44981526926b0', 0, 0, 1, 0, 1556444100, 1556444100);
INSERT INTO `file` VALUES (74, 4, 1, 'CSS3圆形进度条动画效果.zip', 'a1b96cc6c2c6e7e28315c6ab3c95ff62.zip', 'application/x-zip-compressed', 'zip', '1738', './uploads/file/1/20190428/a1b96cc6c2c6e7e28315c6ab3c95ff62.zip', '/uploads/file/1/20190428/a1b96cc6c2c6e7e28315c6ab3c95ff62.zip', '4/', '4/', NULL, 0, '760f8408d5c221e37de26779e5ffbcb5', '7a77eada6b03a4c5771350362530a4f2f06d3baf', 0, 0, 1, 0, 1556447064, 1556447064);
INSERT INTO `file` VALUES (75, 4, 1, 'frp_0.25.3_windows_amd64.zip', 'd5b751b77b803a5b197fa35156f6c016.zip', 'application/x-zip-compressed', 'zip', '8036302', './uploads/file/1/20190428/d5b751b77b803a5b197fa35156f6c016.zip', '/uploads/file/1/20190428/d5b751b77b803a5b197fa35156f6c016.zip', '4/', '4/', NULL, 0, '389a4fbd7eeba0ff231bec29c0e37443', 'f357af6c80f3d4af17fca28176c8b2a92d0940fe', 0, 0, 1, 0, 1556447417, 1556447417);
INSERT INTO `file` VALUES (76, 4, 1, 'frp-master.zip', 'b646afcb8097aa27c009735705d6ba08.zip', 'application/x-zip-compressed', 'zip', '2591496', './uploads/file/1/20190428/b646afcb8097aa27c009735705d6ba08.zip', '/uploads/file/1/20190428/b646afcb8097aa27c009735705d6ba08.zip', '4/', '4/', NULL, 0, '14c188e8070749f3fbd417c9997308e6', '136818e1cdefdba93d8c45e4938ca9100667b482', 0, 0, 1, 0, 1556447457, 1556447457);

-- ----------------------------
-- Table structure for folder
-- ----------------------------
DROP TABLE IF EXISTS `folder`;
CREATE TABLE `folder`  (
  `id` bigint(20) NOT NULL AUTO_INCREMENT COMMENT '编号',
  `pid` bigint(20) NULL DEFAULT NULL COMMENT '父编号',
  `user_id` bigint(20) NULL DEFAULT NULL COMMENT '用户编号',
  `name` varchar(100) CHARACTER SET utf8mb4 COLLATE utf8mb4_general_ci NULL DEFAULT NULL COMMENT '目录名称',
  `path` varchar(500) CHARACTER SET utf8mb4 COLLATE utf8mb4_general_ci NULL DEFAULT NULL COMMENT '名称路径(不包括自己）',
  `pid_path` varchar(500) CHARACTER SET utf8mb4 COLLATE utf8mb4_general_ci NULL DEFAULT NULL COMMENT 'id路径(不包括自己)',
  `remark_context` varchar(140) CHARACTER SET utf8mb4 COLLATE utf8mb4_general_ci NULL DEFAULT NULL COMMENT '备注',
  `status` tinyint(1) NOT NULL DEFAULT 1 COMMENT '状态[0:隐藏,1:显示]',
  `is_deleted` tinyint(1) NOT NULL DEFAULT 0 COMMENT '是否删除[0:未删除,1:已删除]',
  `regtime` int(10) NULL DEFAULT NULL COMMENT '创建时间',
  `uptime` int(10) NULL DEFAULT NULL COMMENT '最近更新',
  PRIMARY KEY (`id`) USING BTREE
) ENGINE = InnoDB AUTO_INCREMENT = 12 CHARACTER SET = utf8mb4 COLLATE = utf8mb4_general_ci ROW_FORMAT = Dynamic;

-- ----------------------------
-- Records of folder
-- ----------------------------
INSERT INTO `folder` VALUES (1, 0, 9, '首页', '', NULL, '注册时系统为用户创建的根目录，无法删除', 1, 0, 1556327908, 1556327908);
INSERT INTO `folder` VALUES (2, 0, 8, '首页', '', NULL, '注册时系统为用户创建的根目录，无法删除', 1, 0, 1556327916, 1556327916);
INSERT INTO `folder` VALUES (3, 0, 2, '首页', '', NULL, '注册时系统为用户创建的根目录，无法删除', 1, 0, 1556327929, 1556327929);
INSERT INTO `folder` VALUES (4, 0, 1, '首页', '', NULL, '注册时系统为用户创建的根目录，无法删除', 1, 0, 1556327936, 1556327936);
INSERT INTO `folder` VALUES (5, 4, 1, '第一个文件夹', '首页/', '4/', '这是我的第一个文件夹', 1, 0, 1556348806, 1556348806);
INSERT INTO `folder` VALUES (6, 4, 1, '你好，世界', '首页/', '4/', '根目录的第二个文件夹', 1, 0, 1556348894, 1556348894);
INSERT INTO `folder` VALUES (7, 4, 1, '你好，世界1', '首页/', '4/', '', 1, 0, 1556348939, 1556348939);
INSERT INTO `folder` VALUES (8, 4, 1, '_', '首页/', '4/', '', 1, 0, 1556349882, 1556349882);
INSERT INTO `folder` VALUES (9, 4, 1, '，', '首页/', '4/', '', 1, 0, 1556350999, 1556350999);
INSERT INTO `folder` VALUES (10, 4, 1, 'today', '首页/', '4/', '', 1, 0, 1556352258, 1556352258);
INSERT INTO `folder` VALUES (11, 4, 1, 'abc', '首页/', '4/', '', 1, 0, 1556433104, 1556433104);

-- ----------------------------
-- Table structure for menu
-- ----------------------------
DROP TABLE IF EXISTS `menu`;
CREATE TABLE `menu`  (
  `id` bigint(20) NOT NULL AUTO_INCREMENT COMMENT '编号',
  `pid` bigint(20) NULL DEFAULT NULL COMMENT '父菜单编号',
  `icon` varchar(50) CHARACTER SET utf8mb4 COLLATE utf8mb4_general_ci NULL DEFAULT NULL COMMENT '图标',
  `name` varchar(50) CHARACTER SET utf8mb4 COLLATE utf8mb4_general_ci NOT NULL COMMENT '名称',
  `rule` varchar(100) CHARACTER SET utf8mb4 COLLATE utf8mb4_general_ci NULL DEFAULT NULL COMMENT '规则',
  `extend` varchar(255) CHARACTER SET utf8mb4 COLLATE utf8mb4_general_ci NULL DEFAULT NULL COMMENT '附加属性',
  `menu_type` tinyint(1) NOT NULL DEFAULT 1 COMMENT '菜单类型[0:非菜单,1:链接,2:图片,3:文字,4:图标,5:自定义]',
  `weigh` bigint(20) NOT NULL DEFAULT 1 COMMENT '权重',
  `status` tinyint(1) NULL DEFAULT 1 COMMENT '状态[0:隐藏,1:显示]',
  `is_deleted` tinyint(1) NULL DEFAULT 0 COMMENT '是否删除[0:未删除,1:已删除]',
  `regtime` int(10) NULL DEFAULT NULL COMMENT '创建时间',
  `uptime` int(10) NULL DEFAULT NULL COMMENT '最近更新',
  PRIMARY KEY (`id`) USING BTREE
) ENGINE = InnoDB AUTO_INCREMENT = 41 CHARACTER SET = utf8mb4 COLLATE = utf8mb4_general_ci ROW_FORMAT = Dynamic;

-- ----------------------------
-- Records of menu
-- ----------------------------
INSERT INTO `menu` VALUES (1, 0, NULL, '左侧导航栏', NULL, NULL, 1, 1, 1, 0, NULL, 1554610743);
INSERT INTO `menu` VALUES (2, 0, NULL, '顶部左侧导航', NULL, NULL, 1, 2, 1, 0, NULL, NULL);
INSERT INTO `menu` VALUES (3, 0, NULL, '顶部右侧导航', NULL, NULL, 1, 3, 1, 0, NULL, NULL);
INSERT INTO `menu` VALUES (4, 1, 'layui-icon layui-icon-console', '控制台', '', '', 1, 4, 1, 0, NULL, 1555239541);
INSERT INTO `menu` VALUES (5, 4, 'layui-icon layui-icon-home', '主页一', 'admin/index/index', '', 1, 5, 1, 0, NULL, 1555927927);
INSERT INTO `menu` VALUES (6, 4, 'layui-icon layui-icon-theme', '主页二', 'admin/index/index2', '', 1, 6, 1, 0, NULL, 1555927920);
INSERT INTO `menu` VALUES (7, 2, NULL, '顶部1', NULL, NULL, 1, 7, 1, 0, NULL, 1554735770);
INSERT INTO `menu` VALUES (8, 2, NULL, '顶部2', NULL, NULL, 1, 8, 1, 0, NULL, 1554735770);
INSERT INTO `menu` VALUES (9, 8, NULL, '顶部2 - 1', NULL, NULL, 1, 9, 1, 0, NULL, 1554735770);
INSERT INTO `menu` VALUES (10, 3, 'layui-icon layui-icon-set', '系统设置', '', NULL, 4, 14, 1, 0, NULL, 1554735770);
INSERT INTO `menu` VALUES (11, 7, NULL, '顶部1 - 1', NULL, NULL, 1, 11, 1, 0, NULL, 1554735770);
INSERT INTO `menu` VALUES (12, 10, NULL, '菜单配置', 'admin/system/menu', NULL, 1, 12, 1, 0, NULL, 1554735770);
INSERT INTO `menu` VALUES (13, 10, '', '系统参数', 'admin/system/system_config', '', 1, 13, 1, 0, NULL, 1555073635);
INSERT INTO `menu` VALUES (14, 3, 'layui-icon layui-icon-refresh', '刷新', '', 'fiy-loop', 4, 10, 1, 0, NULL, 1554735770);
INSERT INTO `menu` VALUES (15, 14, NULL, '刷新页面', NULL, 'fiy-reload', 1, 15, 1, 0, NULL, 1554735770);
INSERT INTO `menu` VALUES (16, 14, '', '重置表格', '', 'table_render', 1, 16, 1, 0, NULL, 1555073609);
INSERT INTO `menu` VALUES (17, 1, 'layui-icon layui-icon-theme', 'test', '', '', 1, 17, 0, 1, 2019, 1555073588);
INSERT INTO `menu` VALUES (18, 1, 'layui-icon layui-icon-snowflake', 'test2', '', '', 1, 18, 0, 1, 2019, 1555073588);
INSERT INTO `menu` VALUES (19, 1, 'layui-icon layui-icon-home', 'test3', 'aaa', '111', 4, 19, 0, 1, 2019, 1555073588);
INSERT INTO `menu` VALUES (20, 1, 'layui-icon layui-icon-shrink-right', 'test', '', '', 1, 20, 0, 1, 2019, 1555073588);
INSERT INTO `menu` VALUES (21, 1, 'layui-icon layui-icon-shrink-right', 'test', '', '', 1, 20, 0, 1, 2019, 1555073588);
INSERT INTO `menu` VALUES (22, 1, 'layui-icon layui-icon-template-1', '111', '', '', 1, 22, 0, 1, 1554907747, 1555073588);
INSERT INTO `menu` VALUES (23, 1, 'layui-icon layui-icon-user', '用户管理', '', '', 0, 23, 1, 0, 1555239327, 1555239518);
INSERT INTO `menu` VALUES (24, 23, 'layui-icon layui-icon-username', '管理员用户', 'admin/user/admin', '', 1, 24, 1, 0, 1555239468, 1555250515);
INSERT INTO `menu` VALUES (25, 23, 'fa fa-user-o', '普通用户管理', 'admin/user/user', '', 1, 25, 1, 0, 1555250859, 1555250859);
INSERT INTO `menu` VALUES (26, 23, 'fa fa-file-text-o', '管理员日志', 'admin/user/admin_log', '', 1, 26, 1, 0, 1555293496, 1555293496);
INSERT INTO `menu` VALUES (27, 23, 'layui-icon layui-icon-file-b', '用户日志', 'admin/user/user_log', '', 1, 27, 1, 0, 1555295117, 1555295117);
INSERT INTO `menu` VALUES (28, 1, 'fa fa-envelope-o', '信箱管理', '', '', 0, 28, 1, 0, 1555296110, 1555506903);
INSERT INTO `menu` VALUES (29, 28, 'fa fa-envelope-square', '电子邮箱', 'admin/mail/email', '', 1, 29, 1, 0, 1555296445, 1555296533);
INSERT INTO `menu` VALUES (30, 28, 'fa fa-envelope-open-o', '站内信箱', 'admin/mail/site_mail', '', 1, 30, 1, 0, 1555494420, 1555494420);
INSERT INTO `menu` VALUES (31, 28, 'fa fa-envelope', '系统信件', 'admin/mail/site_system_mail', '', 1, 31, 1, 0, 1555495719, 1555495719);
INSERT INTO `menu` VALUES (32, 1, 'fa fa-file-o', '文件管理', '', '', 0, 32, 1, 0, 1555509869, 1555509869);
INSERT INTO `menu` VALUES (33, 32, 'layui-icon layui-icon-find-fill', '后台文件', 'admin/file/attachment', '', 1, 33, 1, 0, 1555509966, 1555510090);
INSERT INTO `menu` VALUES (34, 32, 'fa fa-folder-o', '目录管理', 'admin/file/folder', '', 1, 34, 1, 0, 1555511232, 1555511232);
INSERT INTO `menu` VALUES (35, 32, 'layui-icon layui-icon-file-b', '用户文件', 'admin/file/file', '', 1, 35, 1, 0, 1555511340, 1555511340);
INSERT INTO `menu` VALUES (36, 32, 'layui-icon layui-icon-download-circle', '上传下载', 'admin/file/up_down', '', 1, 36, 1, 0, 1555512827, 1555512827);
INSERT INTO `menu` VALUES (37, 1, 'fa fa-book', '分享管理', '', '', 1, 37, 1, 0, 1555513009, 1555513009);
INSERT INTO `menu` VALUES (38, 37, 'layui-icon layui-icon-share', '用户分享', 'admin/share/share', '', 1, 38, 1, 0, 1555513152, 1555513152);
INSERT INTO `menu` VALUES (39, 37, 'fa fa-commenting', '分享评论', 'admin/share/share_comment', '', 1, 39, 1, 0, 1555513185, 1555545176);
INSERT INTO `menu` VALUES (40, 32, 'fa fa-file-image-o', '用户普通附件', 'admin/file/user_attachment', '', 1, 40, 1, 0, 1556266569, 1556266569);

-- ----------------------------
-- Table structure for share
-- ----------------------------
DROP TABLE IF EXISTS `share`;
CREATE TABLE `share`  (
  `id` bigint(20) NOT NULL AUTO_INCREMENT COMMENT '编号',
  `user_id` bigint(20) NULL DEFAULT NULL COMMENT '用户编号',
  `file_ids` text CHARACTER SET utf8mb4 COLLATE utf8mb4_general_ci NULL COMMENT '文件id集合',
  `subject` varchar(140) CHARACTER SET utf8mb4 COLLATE utf8mb4_general_ci NULL DEFAULT NULL COMMENT '主题',
  `content` text CHARACTER SET utf8mb4 COLLATE utf8mb4_general_ci NULL COMMENT '内容',
  `share_type` tinyint(1) NOT NULL DEFAULT 0 COMMENT '分享类型[0:完全公开,1:加密公开,2:期限公开,3:期限加密公开,4:次数公开,5:次数加密公开,6:有期限次数公开,7:有期限次数加密公开]',
  `share_password` varchar(255) CHARACTER SET utf8mb4 COLLATE utf8mb4_general_ci NULL DEFAULT NULL COMMENT '分享密码',
  `expire_time` int(10) NULL DEFAULT NULL COMMENT '到期时间',
  `frquency` int(11) NULL DEFAULT NULL COMMENT '使用次数',
  `use_frequency` int(11) NULL DEFAULT NULL COMMENT '已使用次数',
  `allow_comment` tinyint(1) NOT NULL DEFAULT 1 COMMENT '是否允许评论[0:不允许,1:允许]',
  `ip` varchar(50) CHARACTER SET utf8mb4 COLLATE utf8mb4_general_ci NULL DEFAULT NULL COMMENT 'ip地址',
  `location` varchar(100) CHARACTER SET utf8mb4 COLLATE utf8mb4_general_ci NULL DEFAULT NULL COMMENT '实际地理位置',
  `show_location` tinyint(1) NOT NULL DEFAULT 0 COMMENT '是否显示地点[0:不显示,1:显示]',
  `custom_location` varchar(100) CHARACTER SET utf8mb4 COLLATE utf8mb4_general_ci NULL DEFAULT NULL COMMENT '用户自定义地理位置',
  `user_agent` varchar(255) CHARACTER SET utf8mb4 COLLATE utf8mb4_general_ci NULL DEFAULT NULL COMMENT '代理信息',
  `status` tinyint(1) NOT NULL DEFAULT 1 COMMENT '状态[0:隐藏,1:显示]',
  `is_deleted` tinyint(1) NOT NULL DEFAULT 0 COMMENT '是否删除[0:未删除,1:已删除]',
  `regtime` int(10) NULL DEFAULT NULL COMMENT '创建时间',
  `uptime` int(10) NULL DEFAULT NULL COMMENT '最后一次更新时间',
  PRIMARY KEY (`id`) USING BTREE
) ENGINE = InnoDB AUTO_INCREMENT = 1 CHARACTER SET = utf8mb4 COLLATE = utf8mb4_general_ci ROW_FORMAT = Dynamic;

-- ----------------------------
-- Table structure for share_comment
-- ----------------------------
DROP TABLE IF EXISTS `share_comment`;
CREATE TABLE `share_comment`  (
  `id` bigint(20) NOT NULL AUTO_INCREMENT COMMENT '编号',
  `pid` bigint(20) NULL DEFAULT NULL COMMENT '父编号',
  `share_id` bigint(20) NULL DEFAULT NULL COMMENT '分享编号',
  `user_id` bigint(20) NULL DEFAULT NULL COMMENT '用户编号',
  `context` varchar(500) CHARACTER SET utf8mb4 COLLATE utf8mb4_general_ci NULL DEFAULT NULL COMMENT '评论内容',
  `ip` varchar(50) CHARACTER SET utf8mb4 COLLATE utf8mb4_general_ci NULL DEFAULT NULL COMMENT 'ip地址',
  `location` varchar(100) CHARACTER SET utf8mb4 COLLATE utf8mb4_general_ci NULL DEFAULT NULL COMMENT '实际地理位置',
  `show_location` tinyint(1) NOT NULL DEFAULT 0 COMMENT '是否显示地点[0:不显示,1:显示]',
  `custom_location` varchar(100) CHARACTER SET utf8mb4 COLLATE utf8mb4_general_ci NULL DEFAULT NULL COMMENT '用户自定义地理位置',
  `user_agent` varchar(255) CHARACTER SET utf8mb4 COLLATE utf8mb4_general_ci NULL DEFAULT NULL COMMENT '客户端信息',
  `status` tinyint(1) NOT NULL DEFAULT 1 COMMENT '状态[0:隐藏,1:显示]',
  `is_deleted` tinyint(1) NOT NULL DEFAULT 0 COMMENT '是否删除[0:未删除,1:已删除]',
  `regtime` int(10) NULL DEFAULT NULL COMMENT '创建时间',
  `uptime` int(10) NULL DEFAULT NULL COMMENT '最后一次更新时间',
  PRIMARY KEY (`id`) USING BTREE
) ENGINE = InnoDB AUTO_INCREMENT = 1 CHARACTER SET = utf8mb4 COLLATE = utf8mb4_general_ci ROW_FORMAT = Dynamic;

-- ----------------------------
-- Table structure for site_mail
-- ----------------------------
DROP TABLE IF EXISTS `site_mail`;
CREATE TABLE `site_mail`  (
  `id` bigint(20) NOT NULL AUTO_INCREMENT COMMENT '编号',
  `to_id` bigint(20) NOT NULL COMMENT '收件人id',
  `from_id` bigint(20) NOT NULL COMMENT '发件人id',
  `subject` varchar(140) CHARACTER SET utf8mb4 COLLATE utf8mb4_general_ci NULL DEFAULT NULL COMMENT '主题',
  `content` text CHARACTER SET utf8mb4 COLLATE utf8mb4_general_ci NULL COMMENT '内容',
  `context` text CHARACTER SET utf8mb4 COLLATE utf8mb4_general_ci NULL COMMENT '纯文本',
  `is_system` tinyint(1) NOT NULL DEFAULT 0 COMMENT '是否系统邮件[0:否,1:是]',
  `is_read` tinyint(1) NOT NULL DEFAULT 0 COMMENT '是否已读[0:未读,1:已读]',
  `email_type` tinyint(1) NOT NULL DEFAULT 0 COMMENT '邮件类型[0:HTML,1:TXT]',
  `status` tinyint(1) NOT NULL DEFAULT 1 COMMENT '状态[0:隐藏,1:显示]',
  `is_deleted` tinyint(1) NOT NULL DEFAULT 0 COMMENT '是否删除[0:未删除,1:已删除]',
  `regtime` int(10) NULL DEFAULT NULL COMMENT '创建时间',
  `uptime` int(10) NULL DEFAULT NULL COMMENT '最近更新',
  PRIMARY KEY (`id`) USING BTREE
) ENGINE = InnoDB AUTO_INCREMENT = 1 CHARACTER SET = utf8mb4 COLLATE = utf8mb4_general_ci ROW_FORMAT = Dynamic;

-- ----------------------------
-- Table structure for site_system_mail
-- ----------------------------
DROP TABLE IF EXISTS `site_system_mail`;
CREATE TABLE `site_system_mail`  (
  `id` bigint(20) NOT NULL AUTO_INCREMENT COMMENT '编号',
  `site_mail_id` bigint(20) NULL DEFAULT NULL COMMENT '站内信id',
  `user_id` bigint(20) NULL DEFAULT NULL COMMENT '用户id',
  `is_read` tinyint(1) NULL DEFAULT NULL COMMENT '是否已读[0:未读,1:已读]',
  `status` tinyint(1) NULL DEFAULT NULL COMMENT '状态[0:隐藏,1:显示]',
  `is_deleted` tinyint(1) NULL DEFAULT NULL COMMENT '是否删除[0:未删除,1:已删除]',
  `regtime` int(10) NULL DEFAULT NULL COMMENT '创建时间',
  `uptime` int(10) NULL DEFAULT NULL COMMENT '最后一次更新时间',
  PRIMARY KEY (`id`) USING BTREE
) ENGINE = InnoDB AUTO_INCREMENT = 1 CHARACTER SET = utf8mb4 COLLATE = utf8mb4_general_ci ROW_FORMAT = Dynamic;

-- ----------------------------
-- Table structure for system_config
-- ----------------------------
DROP TABLE IF EXISTS `system_config`;
CREATE TABLE `system_config`  (
  `id` bigint(20) NOT NULL AUTO_INCREMENT COMMENT '编号',
  `title` varchar(50) CHARACTER SET utf8mb4 COLLATE utf8mb4_general_ci NOT NULL COMMENT '标题',
  `name` varchar(50) CHARACTER SET utf8mb4 COLLATE utf8mb4_general_ci NOT NULL COMMENT '名称',
  `value_context` varchar(500) CHARACTER SET utf8mb4 COLLATE utf8mb4_general_ci NULL DEFAULT NULL COMMENT '值',
  `image` varchar(255) CHARACTER SET utf8mb4 COLLATE utf8mb4_general_ci NULL DEFAULT NULL COMMENT '图片',
  `config_type` tinyint(2) NOT NULL DEFAULT 0 COMMENT '类型[0:站点,1:邮箱,3:用户]',
  `remark_context` varchar(255) CHARACTER SET utf8mb4 COLLATE utf8mb4_general_ci NULL DEFAULT NULL COMMENT '备注',
  `status` tinyint(1) NOT NULL DEFAULT 1 COMMENT '状态[0:隐藏,1:显示]',
  `is_deleted` tinyint(1) NOT NULL DEFAULT 0 COMMENT '是否删除[0:未删除,1:已删除]',
  `weigh` bigint(20) NOT NULL DEFAULT 1 COMMENT '权重',
  `regtime` int(10) NULL DEFAULT NULL COMMENT '创建时间',
  `uptime` int(10) NULL DEFAULT NULL COMMENT '最近更新',
  PRIMARY KEY (`id`) USING BTREE
) ENGINE = InnoDB AUTO_INCREMENT = 30 CHARACTER SET = utf8mb4 COLLATE = utf8mb4_general_ci ROW_FORMAT = Dynamic;

-- ----------------------------
-- Records of system_config
-- ----------------------------
INSERT INTO `system_config` VALUES (4, '程序名称', 'program_name', 'FireFlyCms', '', 0, '', 1, 0, 1, 1555156164, 1555164279);
INSERT INTO `system_config` VALUES (5, '程序版本号', 'program_version', 'v1.0', '', 0, '', 1, 0, 5, 1555164086, 1555164086);
INSERT INTO `system_config` VALUES (6, '网站图标', 'website_icon', '/favicon.png', '', 0, '浏览器小图标', 1, 0, 6, 1555164159, 1555164217);
INSERT INTO `system_config` VALUES (7, '站点标题', 'website_name', '萤火云后台管理系统', '', 0, '', 1, 0, 7, 1555164220, 1555166303);
INSERT INTO `system_config` VALUES (8, '网站域名', 'website_domain', '', '', 0, '', 1, 0, 8, 1555164290, 1555164290);
INSERT INTO `system_config` VALUES (9, '版权信息', 'website_copyright', '© 2019 FireFlyCms', '', 0, '', 1, 0, 9, 1555164918, 1555215997);
INSERT INTO `system_config` VALUES (10, 'ICP备案号', 'beian_icp', '', '', 0, 'icp备案号', 1, 0, 10, 1555165010, 1555165010);
INSERT INTO `system_config` VALUES (11, '公安备案号', 'beian_police', '', '', 0, '公安备案号', 1, 0, 11, 1555165050, 1555165050);
INSERT INTO `system_config` VALUES (12, '站点描述', 'website_description', '萤火虫cms,基于thinkphp5.1的后台内容管理系统', '', 0, '站点描述', 1, 0, 12, 1555165072, 1555165289);
INSERT INTO `system_config` VALUES (13, '站点关键字', 'website_keywords', 'cms|tp5.1|thinkphp5.1|后台管理系统|firefly|萤火虫|萤火云', '', 0, '站点关键字', 1, 0, 13, 1555165192, 1555165280);
INSERT INTO `system_config` VALUES (14, '文件上传大小', 'upload_maxsize', '104857600', '', 0, '单位B(byte):[1T=1024G,1G=1025M,1M=1024B]', 1, 0, 14, 1555165300, 1556383003);
INSERT INTO `system_config` VALUES (15, '文件上传后缀', 'upload_ext', 'jpeg,jpg,png,gif,bmp,ico,txt,rar,doc,docx,ppt,pptx,xls,xlsx,zip,pdf,sql,mp3,mp4,mkv,3gp,ogg,flac,m4a,rmvb,rm', '', 0, '允许上传的文件后缀', 1, 0, 15, 1555165461, 1556380027);
INSERT INTO `system_config` VALUES (16, '站点安装时间', 'website_createtime', '2019-04-01 09:40:28', '', 0, '此后台管理系统安装完毕后生成，同时会在应用更目录生成install.lock文件与超级管理员用户。', 1, 0, 16, 1555165572, 1555986999);
INSERT INTO `system_config` VALUES (17, 'smtp服务器', 'email_smtp', 'smtp.aliyun.com', '', 1, '例如smtp.163.com', 1, 0, 17, 1555165640, 1555470510);
INSERT INTO `system_config` VALUES (18, 'smtp端口号', 'email_port', '465', '', 1, '常用端口为465和25，目前一般为465。', 1, 0, 18, 1555165685, 1555165685);
INSERT INTO `system_config` VALUES (19, '发件人邮箱', 'email_username', 'aroad.xyz@aliyun.com', '', 1, '发件人邮箱地址，例如 xxxxx@qq.com 或者去掉@qq.com', 1, 0, 19, 1555165735, 1555470668);
INSERT INTO `system_config` VALUES (20, '发件人昵称', 'email_nick', '萤火云', '', 1, '发件人昵称', 1, 0, 20, 1555165788, 1555165788);
INSERT INTO `system_config` VALUES (21, '邮箱密码', 'email_password', 'Shenlu123..', '', 1, '一般不是邮箱直接登录密码，而是授权码。zcmvszcvmscdbabb', 1, 0, 21, 1555165821, 1555470308);
INSERT INTO `system_config` VALUES (22, 'smtp安全类型', 'email_secure', 'ssl', '', 1, 'smtp安全类型,一般有tls和ssl', 1, 0, 22, 1555307218, 1555307218);
INSERT INTO `system_config` VALUES (23, '邮箱加密', 'email_auth', 'true', '', 1, '邮箱加密，填写true或false，或1或0', 1, 0, 23, 1555307396, 1555307396);
INSERT INTO `system_config` VALUES (24, '邮箱地址', 'email_url', 'aroad.xyz@aliyun.com', '', 1, '邮箱地址', 1, 0, 24, 1555307893, 1555470351);
INSERT INTO `system_config` VALUES (25, '默认邀请码', 'user_first_invite_code', '20190331,20190401', '', 2, '安装程序时候自动生成，也可以自定义，可以是4-10个字符，自动生成是默认6位。多个就用逗号隔开。', 1, 0, 25, 1556115117, 1556118555);
INSERT INTO `system_config` VALUES (26, '默认空间', 'user_default_space', '1073741824', '', 2, '用户默认分配额度，默认1GB', 1, 0, 26, 1556117573, 1556117662);
INSERT INTO `system_config` VALUES (27, '生成邀请码', 'create_invite_code', 'true', '', 2, '是否能够继续进行注册。', 1, 0, 27, 1556117666, 1556117886);
INSERT INTO `system_config` VALUES (28, '开放注册', 'open_register', '1', '', 2, '是否能够进行注册。', 1, 0, 28, 1556117796, 1556119242);
INSERT INTO `system_config` VALUES (29, '组织名称', 'website_group_name', '萤火云', '', 0, '网站组织名称', 1, 0, 29, 1556167789, 1556167789);

-- ----------------------------
-- Table structure for up_down
-- ----------------------------
DROP TABLE IF EXISTS `up_down`;
CREATE TABLE `up_down`  (
  `id` bigint(20) NOT NULL AUTO_INCREMENT COMMENT '编号',
  `user_id` bigint(20) NULL DEFAULT NULL COMMENT '用户编号',
  `file_id` bigint(20) NULL DEFAULT NULL COMMENT '文件编号',
  `up_type` tinyint(1) NOT NULL DEFAULT 0 COMMENT '类型[0:上传,1:下载]',
  `status` tinyint(1) NOT NULL DEFAULT 1 COMMENT '状态[0:隐藏,1:显示]',
  `is_deleted` tinyint(1) NOT NULL COMMENT '是否删除[0:未删除,1:已删除]',
  `regtime` int(10) NULL DEFAULT NULL COMMENT '创建时间',
  `uptime` int(10) NULL DEFAULT NULL COMMENT '最近更新',
  PRIMARY KEY (`id`) USING BTREE
) ENGINE = InnoDB AUTO_INCREMENT = 2 CHARACTER SET = utf8mb4 COLLATE = utf8mb4_general_ci ROW_FORMAT = Dynamic;

-- ----------------------------
-- Records of up_down
-- ----------------------------
INSERT INTO `up_down` VALUES (1, 1, 76, 0, 1, 0, 1556447457, 1556447457);

-- ----------------------------
-- Table structure for user
-- ----------------------------
DROP TABLE IF EXISTS `user`;
CREATE TABLE `user`  (
  `id` bigint(20) NOT NULL AUTO_INCREMENT COMMENT '编号',
  `username` varchar(20) CHARACTER SET utf8mb4 COLLATE utf8mb4_general_ci NULL DEFAULT NULL COMMENT '用户名',
  `nickname` varchar(20) CHARACTER SET utf8mb4 COLLATE utf8mb4_general_ci NULL DEFAULT NULL COMMENT '昵称',
  `password` varchar(100) CHARACTER SET utf8mb4 COLLATE utf8mb4_general_ci NULL DEFAULT NULL COMMENT '密码',
  `salt` varchar(50) CHARACTER SET utf8mb4 COLLATE utf8mb4_general_ci NULL DEFAULT NULL COMMENT '密码盐',
  `avatar` varchar(255) CHARACTER SET utf8mb4 COLLATE utf8mb4_general_ci NOT NULL DEFAULT '/static/source/img/userHead.jpeg' COMMENT '头像',
  `gender` tinyint(1) NOT NULL DEFAULT 0 COMMENT '性别[0:保密,1:女,2:男]',
  `email` varchar(100) CHARACTER SET utf8mb4 COLLATE utf8mb4_general_ci NULL DEFAULT NULL COMMENT '邮箱',
  `tel` varchar(20) CHARACTER SET utf8mb4 COLLATE utf8mb4_general_ci NULL DEFAULT NULL COMMENT '电话',
  `role` tinyint(2) NOT NULL DEFAULT 0 COMMENT '权限[0:普通用户,1:高级用户]',
  `qq` varchar(100) CHARACTER SET utf8mb4 COLLATE utf8mb4_general_ci NULL DEFAULT NULL COMMENT 'qq',
  `born` date NULL DEFAULT NULL COMMENT '出生年月日',
  `sign_context` varchar(100) CHARACTER SET utf8mb4 COLLATE utf8mb4_general_ci NULL DEFAULT NULL COMMENT '签名',
  `description_context` varchar(255) CHARACTER SET utf8mb4 COLLATE utf8mb4_general_ci NULL DEFAULT NULL COMMENT '描述',
  `score` int(10) NOT NULL DEFAULT 0 COMMENT '积分',
  `level` tinyint(4) NOT NULL DEFAULT 0 COMMENT '等级',
  `decorate` varchar(255) CHARACTER SET utf8mb4 COLLATE utf8mb4_general_ci NULL DEFAULT NULL COMMENT '装饰',
  `file_password` varchar(50) CHARACTER SET utf8mb4 COLLATE utf8mb4_general_ci NULL DEFAULT NULL COMMENT '文件密码',
  `total_size` varchar(100) CHARACTER SET utf8mb4 COLLATE utf8mb4_general_ci NOT NULL DEFAULT '1073741824' COMMENT '盘空间(单位Byte)',
  `use_size` varchar(100) CHARACTER SET utf8mb4 COLLATE utf8mb4_general_ci NOT NULL DEFAULT '0' COMMENT '已使用盘空间(单位Byte)',
  `token` varchar(255) CHARACTER SET utf8mb4 COLLATE utf8mb4_general_ci NULL DEFAULT NULL COMMENT '令牌',
  `login_fail` tinyint(2) NOT NULL DEFAULT 0 COMMENT '登录失败次数',
  `login_day` int(10) NOT NULL DEFAULT 0 COMMENT '连续登录天数',
  `login_max_day` int(10) NOT NULL DEFAULT 0 COMMENT '最多连续登录天数',
  `login_total_day` int(10) NOT NULL DEFAULT 0 COMMENT '总登录天数',
  `vcode` varchar(20) CHARACTER SET utf8mb4 COLLATE utf8mb4_general_ci NULL DEFAULT NULL COMMENT '验证码',
  `invite_code` varchar(20) CHARACTER SET utf8mb4 COLLATE utf8mb4_general_ci NULL DEFAULT NULL COMMENT '邀请码',
  `reg_invite_code` varchar(20) CHARACTER SET utf8mb4 COLLATE utf8mb4_general_ci NULL DEFAULT NULL COMMENT '受邀码',
  `status` tinyint(1) NOT NULL DEFAULT 1 COMMENT '状态[0:隐藏,1:显示]',
  `is_deleted` tinyint(1) NOT NULL DEFAULT 0 COMMENT '是否删除[0:未删除,1:已删除]',
  `weigh` bigint(20) NOT NULL DEFAULT 1 COMMENT '权重',
  `regtime` int(10) NULL DEFAULT NULL COMMENT '注册时间',
  `uptime` int(10) NULL DEFAULT NULL COMMENT '最近更新',
  `signin_day` int(10) NOT NULL DEFAULT 0 COMMENT '当前连续签到天数',
  `siginin_max_day` int(10) NOT NULL DEFAULT 0 COMMENT '最多一次连续签到天数',
  `signin_total_day` int(10) NOT NULL DEFAULT 0 COMMENT '总签到天数',
  PRIMARY KEY (`id`) USING BTREE
) ENGINE = InnoDB AUTO_INCREMENT = 10 CHARACTER SET = utf8mb4 COLLATE = utf8mb4_general_ci ROW_FORMAT = Dynamic;

-- ----------------------------
-- Records of user
-- ----------------------------
INSERT INTO `user` VALUES (1, 'user1', '雾城风雨寻花', 'af92923cc2f5d5a1d5d179c726b971a2d797ed72', 'cZeb-', '/uploads/user_attachment/20190428/7fb14d2557b5cd7cd302ccfd3f0c3937.jpeg', 1, 'snoopyshenlu@163.com', '', 0, '1479221500', '2011-11-10', '本来无一物，何处惹尘埃。', '此人很懒，没有留下什么~<br/>\r\n此人很懒，没有留下什么~<br/>\r\n此人很懒，没有留下什么~', 0, 0, '', '', '1073741824', '328921296', '17e75fe31554b7d7d56d5c9ad4f7d265ba64fb2b', 0, 3, 3, 3, '', '20190402', '20190401', 1, 0, 1, 1555309968, 1556447457, 0, 0, 0);
INSERT INTO `user` VALUES (2, 'yl-198', '199-8', 'cd4b7d5602a57e8f89df6a13f2c2dd98b92cbf4f', 'R^zOK', '/uploads/user/20190417/dc5536ec6630065ab55b23ddd8612c45.jpeg', 0, '1445154365@qq.com', '', 0, '1445154365', '2019-04-17', '', '', 0, 0, '', '', '1073741824', '0', NULL, 0, 0, 0, 0, NULL, '20190403', '20190402', 1, 0, 2, 1555467681, 1556327929, 0, 0, 0);
INSERT INTO `user` VALUES (8, 'user2', '寻觅2', 'e717b2df934cce565678fe4580a6691626ec174a', 'uyeD5', '/static/source/img/userHead.jpeg', 1, '1479221500@qq.com', '', 0, '', '2019-04-26', '', '', 0, 0, '', '', '1073741824', '0', '', 0, 1, 1, 1, 'H9W!*0', 'fPG1taJo', '20190331', 1, 0, 8, 1556170311, 1556327916, 0, 0, 0);
INSERT INTO `user` VALUES (9, 'user3', 'user3', '135895ff7b2c95d9223fff39cfdd481b2289d3ab', '$g%.b', '/static/source/img/userHead.jpeg', 2, '1845535061@qq.com', '', 0, '', '2019-04-25', '', '', 0, 0, '', '', '1073741824', '0', '4cd09f7771b30f86cbd0a27c42825dd0b6454c53', 0, 1, 1, 1, NULL, '%*Y9dqLz', 'fPG1taJo', 1, 0, 9, 1556170994, 1556327908, 0, 0, 0);

-- ----------------------------
-- Table structure for user_attachment
-- ----------------------------
DROP TABLE IF EXISTS `user_attachment`;
CREATE TABLE `user_attachment`  (
  `id` bigint(20) NOT NULL AUTO_INCREMENT COMMENT '编号',
  `user_id` bigint(20) NULL DEFAULT NULL COMMENT '用户编号',
  `name` varchar(255) CHARACTER SET utf8mb4 COLLATE utf8mb4_general_ci NULL DEFAULT NULL COMMENT '原文件名',
  `save_name` varchar(255) CHARACTER SET utf8mb4 COLLATE utf8mb4_general_ci NULL DEFAULT NULL COMMENT '新文件名',
  `mime` varchar(50) CHARACTER SET utf8mb4 COLLATE utf8mb4_general_ci NULL DEFAULT NULL COMMENT '文件类型(mime)',
  `ext` varchar(20) CHARACTER SET utf8mb4 COLLATE utf8mb4_general_ci NULL DEFAULT NULL COMMENT '文件后缀',
  `size` varchar(100) CHARACTER SET utf8mb4 COLLATE utf8mb4_general_ci NULL DEFAULT NULL COMMENT '文件大小(Byte)',
  `path` varchar(255) CHARACTER SET utf8mb4 COLLATE utf8mb4_general_ci NULL DEFAULT NULL COMMENT '物理存储路径',
  `net_path` varchar(255) CHARACTER SET utf8mb4 COLLATE utf8mb4_general_ci NULL DEFAULT NULL COMMENT '网络路径',
  `md5` varchar(255) CHARACTER SET utf8mb4 COLLATE utf8mb4_general_ci NULL DEFAULT NULL COMMENT '文件md5',
  `sha1` varchar(255) CHARACTER SET utf8mb4 COLLATE utf8mb4_general_ci NULL DEFAULT NULL COMMENT '文件sha1',
  `status` tinyint(1) NOT NULL DEFAULT 1 COMMENT '状态[0:隐藏,1:显示]',
  `is_deleted` tinyint(1) NOT NULL DEFAULT 0 COMMENT '是否删除[0:未删除,1:已删除]',
  `regtime` int(10) NULL DEFAULT NULL COMMENT '创建时间',
  `uptime` int(10) NULL DEFAULT NULL COMMENT '最近更新',
  PRIMARY KEY (`id`) USING BTREE
) ENGINE = InnoDB AUTO_INCREMENT = 27 CHARACTER SET = utf8mb4 COLLATE = utf8mb4_general_ci ROW_FORMAT = Dynamic;

-- ----------------------------
-- Records of user_attachment
-- ----------------------------
INSERT INTO `user_attachment` VALUES (20, 1, '0ab1bb678e5544b6965d329a30d606c0!400x400.jpeg', 'd6b53799e828ffb1ef413bf1ca2b9444.jpeg', 'image/jpeg', 'jpeg', '38357', './uploads/user_attachment/20190426/d6b53799e828ffb1ef413bf1ca2b9444.jpeg', '/uploads/user_attachment/20190426/d6b53799e828ffb1ef413bf1ca2b9444.jpeg', '1a459f4b176c0f8664621b265faf428e', 'f1cb4330a72fc177158491a79c8e9ce77a6b3246', 1, 0, 1556270715, 1556270715);
INSERT INTO `user_attachment` VALUES (21, 1, '1.jpeg', '5a961e5e8149fe29d6647b0e6fef3eda.jpeg', 'image/jpeg', 'jpeg', '33809', './uploads/user_attachment/20190426/5a961e5e8149fe29d6647b0e6fef3eda.jpeg', '/uploads/user_attachment/20190426/5a961e5e8149fe29d6647b0e6fef3eda.jpeg', 'db4471ff0201f51aed09529a4ec57f19', 'f66fedac728398e68c16a0a540c5e5f3b1363791', 1, 0, 1556271273, 1556271273);
INSERT INTO `user_attachment` VALUES (22, 1, '265c5e40875342adb5814409fce838f7!400x400.jpeg', 'a475e7f75a034d1ea3d140882a188221.jpeg', 'image/jpeg', 'jpeg', '29426', './uploads/user_attachment/20190426/a475e7f75a034d1ea3d140882a188221.jpeg', '/uploads/user_attachment/20190426/a475e7f75a034d1ea3d140882a188221.jpeg', '93da778b224c866115dcb58057712c1c', 'baa55935f413784a5035c3c500ca54d6c39bb29b', 1, 0, 1556271357, 1556271357);
INSERT INTO `user_attachment` VALUES (23, 1, 'f5e951fe320e46009afe136c2955015f!400x400.jpeg', '8931f0a0bbad7bdb3d882ee87fad5a70.jpeg', 'image/jpeg', 'jpeg', '24669', './uploads/user_attachment/20190426/8931f0a0bbad7bdb3d882ee87fad5a70.jpeg', '/uploads/user_attachment/20190426/8931f0a0bbad7bdb3d882ee87fad5a70.jpeg', 'bf75ccd7246c5127a73b93e71b234eaa', 'deda70e44fe362b3914a539af73446aaf24dc9cc', 1, 0, 1556275914, 1556275914);
INSERT INTO `user_attachment` VALUES (24, 1, 'c21bf361d8e54242a01c666008c77eeb!400x400.jpeg', 'f7e2c44a4d941c66a897f431e599e164.jpeg', 'image/jpeg', 'jpeg', '45044', './uploads/user_attachment/20190427/f7e2c44a4d941c66a897f431e599e164.jpeg', '/uploads/user_attachment/20190427/f7e2c44a4d941c66a897f431e599e164.jpeg', 'f4ca9eb9d4f7f22f2c5783d2133ec5ec', '3c70c61e601b0d253b97b0ddedd1c0617ba99655', 1, 0, 1556335122, 1556335122);
INSERT INTO `user_attachment` VALUES (25, 1, '30ced021cd5346d5b1393e4cb4bf4252!400x400.jpeg', 'ab7456f29895df01122c0c02cfa283f0.jpeg', 'image/jpeg', 'jpeg', '27349', './uploads/user_attachment/20190427/ab7456f29895df01122c0c02cfa283f0.jpeg', '/uploads/user_attachment/20190427/ab7456f29895df01122c0c02cfa283f0.jpeg', 'f260487a5d9f9f8fd03e5e0121bf4495', '820e408abe7093ffcfcbd0ff8a54d91d686e8c6c', 1, 0, 1556335557, 1556335557);
INSERT INTO `user_attachment` VALUES (26, 1, 'a8d31d950c714447b03a126f2c65d949!400x400.jpeg', '7fb14d2557b5cd7cd302ccfd3f0c3937.jpeg', 'image/jpeg', 'jpeg', '31116', './uploads/user_attachment/20190428/7fb14d2557b5cd7cd302ccfd3f0c3937.jpeg', '/uploads/user_attachment/20190428/7fb14d2557b5cd7cd302ccfd3f0c3937.jpeg', 'e562ee9adaaaf304481ba1e72ba3d66a', '2e17d68dcd906e5471d77cb82023d4040bbc74e8', 1, 0, 1556432961, 1556432961);

-- ----------------------------
-- Table structure for user_log
-- ----------------------------
DROP TABLE IF EXISTS `user_log`;
CREATE TABLE `user_log`  (
  `id` bigint(20) NOT NULL AUTO_INCREMENT COMMENT '编号',
  `user_id` bigint(20) NULL DEFAULT NULL COMMENT '用户编号',
  `ref` varchar(255) CHARACTER SET utf8mb4 COLLATE utf8mb4_general_ci NULL DEFAULT NULL COMMENT '来源链接',
  `url` varchar(255) CHARACTER SET utf8mb4 COLLATE utf8mb4_general_ci NULL DEFAULT NULL COMMENT '当前链接',
  `table` varchar(100) CHARACTER SET utf8mb4 COLLATE utf8mb4_general_ci NULL DEFAULT NULL COMMENT '表名',
  `info` varchar(255) CHARACTER SET utf8mb4 COLLATE utf8mb4_general_ci NULL DEFAULT NULL COMMENT '详情',
  `ip` varchar(50) CHARACTER SET utf8mb4 COLLATE utf8mb4_general_ci NULL DEFAULT NULL COMMENT 'ip地址',
  `location` varchar(100) CHARACTER SET utf8mb4 COLLATE utf8mb4_general_ci NULL DEFAULT NULL COMMENT '地理位置',
  `user_agent` varchar(255) CHARACTER SET utf8mb4 COLLATE utf8mb4_general_ci NULL DEFAULT NULL COMMENT '客户端信息',
  `status` tinyint(1) NOT NULL DEFAULT 1 COMMENT '状态[0:隐藏,1:显示]',
  `is_deleted` tinyint(1) NOT NULL DEFAULT 0 COMMENT '是否删除[0:未删除,1:已删除]',
  `user_log_type` tinyint(2) NOT NULL DEFAULT 0 COMMENT '日志类型[-1:注册,0:增,1:删,2:改,3:查,4:登录,5:退出,6:邮箱,7:上传]',
  `regtime` int(10) NULL DEFAULT NULL COMMENT '创建时间',
  `uptime` int(10) NULL DEFAULT NULL COMMENT '最近更新',
  PRIMARY KEY (`id`) USING BTREE
) ENGINE = InnoDB AUTO_INCREMENT = 307 CHARACTER SET = utf8mb4 COLLATE = utf8mb4_general_ci ROW_FORMAT = Dynamic;

-- ----------------------------
-- Records of user_log
-- ----------------------------
INSERT INTO `user_log` VALUES (7, 8, 'http://127.0.0.1:8082/register', 'http://www.firefly.test/api/user/register', 'user', '(user2)注册成功', '127.0.0.1', '中国--湖北省-武汉市-电信', 'Mozilla/5.0 (Windows NT 10.0; Win64; x64) AppleWebKit/537.36 (KHTML, like Gecko) Chrome/74.0.3724.8 Safari/537.36', 1, 0, -1, 1556170312, 1556170312);
INSERT INTO `user_log` VALUES (8, 8, 'http://127.0.0.1:8082/register', 'http://www.firefly.test/api/user/register', 'email', 'Message has been sent', '127.0.0.1', '中国--湖北省-武汉市-电信', 'Mozilla/5.0 (Windows NT 10.0; Win64; x64) AppleWebKit/537.36 (KHTML, like Gecko) Chrome/74.0.3724.8 Safari/537.36', 1, 0, 6, 1556170312, 1556170312);
INSERT INTO `user_log` VALUES (9, 9, 'http://127.0.0.1:8082/register', 'http://www.firefly.test/api/user/register', 'user', '(user3)注册成功', '127.0.0.1', '中国--湖北省-武汉市-电信', 'Mozilla/5.0 (Windows NT 10.0; Win64; x64) AppleWebKit/537.36 (KHTML, like Gecko) Chrome/74.0.3724.8 Safari/537.36', 1, 0, -1, 1556170994, 1556170994);
INSERT INTO `user_log` VALUES (10, 9, 'http://127.0.0.1:8082/register', 'http://www.firefly.test/api/user/register', 'email', 'Message has been sent', '127.0.0.1', '中国--湖北省-武汉市-电信', 'Mozilla/5.0 (Windows NT 10.0; Win64; x64) AppleWebKit/537.36 (KHTML, like Gecko) Chrome/74.0.3724.8 Safari/537.36', 1, 0, 6, 1556170995, 1556170995);
INSERT INTO `user_log` VALUES (11, 8, 'http://127.0.0.1:8082/resetpwd', 'http://www.firefly.test/api/user/getvcode', 'email', 'Message has been sent', '127.0.0.1', '中国--湖北省-武汉市-电信', 'Mozilla/5.0 (Windows NT 10.0; Win64; x64) AppleWebKit/537.36 (KHTML, like Gecko) Chrome/74.0.3724.8 Safari/537.36', 1, 0, 6, 1556177873, 1556177873);
INSERT INTO `user_log` VALUES (12, 8, 'http://127.0.0.1:8082/resetpwd', 'http://www.firefly.test/api/user/getvcode', 'email', 'Message has been sent', '127.0.0.1', '中国--湖北省-武汉市-电信', 'Mozilla/5.0 (Windows NT 10.0; Win64; x64) AppleWebKit/537.36 (KHTML, like Gecko) Chrome/74.0.3724.8 Safari/537.36', 1, 0, 6, 1556178033, 1556178033);
INSERT INTO `user_log` VALUES (13, 8, 'http://127.0.0.1:8082/resetpwd', 'http://www.firefly.test/api/user/getvcode', 'email', 'Message has been sent', '127.0.0.1', '中国--湖北省-武汉市-电信', 'Mozilla/5.0 (Windows NT 10.0; Win64; x64) AppleWebKit/537.36 (KHTML, like Gecko) Chrome/74.0.3724.8 Safari/537.36', 1, 0, 6, 1556178751, 1556178751);
INSERT INTO `user_log` VALUES (14, 8, 'http://127.0.0.1:8082/resetpwd', 'http://www.firefly.test/api/user/getvcode', 'email', 'Message has been sent', '127.0.0.1', '中国--湖北省-武汉市-电信', 'Mozilla/5.0 (Windows NT 10.0; Win64; x64) AppleWebKit/537.36 (KHTML, like Gecko) Chrome/74.0.3724.8 Safari/537.36', 1, 0, 6, 1556178805, 1556178805);
INSERT INTO `user_log` VALUES (15, 8, 'http://127.0.0.1:8082/resetpwd', 'http://www.firefly.test/api/user/resetpwd', 'user', '(user2)修改密码成功', '127.0.0.1', '中国--湖北省-武汉市-电信', 'Mozilla/5.0 (Windows NT 10.0; Win64; x64) AppleWebKit/537.36 (KHTML, like Gecko) Chrome/74.0.3724.8 Safari/537.36', 1, 0, 2, 1556179567, 1556179567);
INSERT INTO `user_log` VALUES (16, 8, 'http://127.0.0.1:8082/login', 'http://www.firefly.test/api/user/login', 'user', '登录成功', '127.0.0.1', '中国--湖北省-武汉市-电信', 'Mozilla/5.0 (Windows NT 10.0; Win64; x64) AppleWebKit/537.36 (KHTML, like Gecko) Chrome/74.0.3724.8 Safari/537.36', 1, 0, 4, 1556179580, 1556179580);
INSERT INTO `user_log` VALUES (17, 8, 'http://127.0.0.1:8082/resetpwd', 'http://www.firefly.test/api/user/getvcode', 'email', '发送找回密码验证码', '127.0.0.1', '中国--湖北省-武汉市-电信', 'Mozilla/5.0 (Windows NT 10.0; Win64; x64) AppleWebKit/537.36 (KHTML, like Gecko) Chrome/74.0.3724.8 Safari/537.36', 1, 0, 6, 1556179826, 1556179826);
INSERT INTO `user_log` VALUES (18, 8, 'http://127.0.0.1:8082/login', 'http://www.firefly.test/api/user/login', 'user', '登录成功', '127.0.0.1', '中国--湖北省-武汉市-电信', 'Mozilla/5.0 (Windows NT 10.0; Win64; x64) AppleWebKit/537.36 (KHTML, like Gecko) Chrome/74.0.3724.8 Safari/537.36', 1, 0, 4, 1556179891, 1556179891);
INSERT INTO `user_log` VALUES (19, 8, 'http://127.0.0.1:8082/login', 'http://www.firefly.test/api/user/login', 'user', '登录成功', '127.0.0.1', '中国--湖北省-武汉市-电信', 'Mozilla/5.0 (Windows NT 10.0; Win64; x64) AppleWebKit/537.36 (KHTML, like Gecko) Chrome/74.0.3724.8 Safari/537.36', 1, 0, 4, 1556180337, 1556180337);
INSERT INTO `user_log` VALUES (20, 8, 'http://127.0.0.1:8082/login', 'http://www.firefly.test/api/user/login', 'user', '登录成功', '127.0.0.1', '中国--湖北省-武汉市-电信', 'Mozilla/5.0 (Windows NT 10.0; Win64; x64) AppleWebKit/537.36 (KHTML, like Gecko) Chrome/74.0.3724.8 Safari/537.36', 1, 0, 4, 1556180617, 1556180617);
INSERT INTO `user_log` VALUES (21, 8, 'http://127.0.0.1:8082/home', 'http://www.firefly.test/api/user/logout', 'user', '退出成功', '127.0.0.1', '中国--湖北省-武汉市-电信', 'Mozilla/5.0 (Windows NT 10.0; Win64; x64) AppleWebKit/537.36 (KHTML, like Gecko) Chrome/74.0.3724.8 Safari/537.36', 1, 0, 5, 1556181573, 1556181573);
INSERT INTO `user_log` VALUES (22, 8, 'http://127.0.0.1:8082/login', 'http://www.firefly.test/api/user/login', 'user', '登录成功', '127.0.0.1', '中国--湖北省-武汉市-电信', 'Mozilla/5.0 (Windows NT 10.0; Win64; x64) AppleWebKit/537.36 (KHTML, like Gecko) Chrome/74.0.3724.8 Safari/537.36', 1, 0, 4, 1556181683, 1556181683);
INSERT INTO `user_log` VALUES (23, 8, 'http://127.0.0.1:8082/home', 'http://www.firefly.test/api/user/logout', 'user', '退出成功', '127.0.0.1', '中国--湖北省-武汉市-电信', 'Mozilla/5.0 (Windows NT 10.0; Win64; x64) AppleWebKit/537.36 (KHTML, like Gecko) Chrome/74.0.3724.8 Safari/537.36', 1, 0, 5, 1556181813, 1556181813);
INSERT INTO `user_log` VALUES (24, 8, 'http://127.0.0.1:8082/login', 'http://www.firefly.test/api/user/login', 'user', '登录成功', '127.0.0.1', '中国--湖北省-武汉市-电信', 'Mozilla/5.0 (Windows NT 10.0; Win64; x64) AppleWebKit/537.36 (KHTML, like Gecko) Chrome/74.0.3724.8 Safari/537.36', 1, 0, 4, 1556182007, 1556182007);
INSERT INTO `user_log` VALUES (25, 8, 'http://127.0.0.1:8082/home', 'http://www.firefly.test/api/user/logout', 'user', '退出成功', '127.0.0.1', '中国--湖北省-武汉市-电信', 'Mozilla/5.0 (Windows NT 10.0; Win64; x64) AppleWebKit/537.36 (KHTML, like Gecko) Chrome/74.0.3724.8 Safari/537.36', 1, 0, 5, 1556182040, 1556182040);
INSERT INTO `user_log` VALUES (26, 8, 'http://127.0.0.1:8082/login', 'http://www.firefly.test/api/user/login', 'user', '登录成功', '127.0.0.1', '中国--湖北省-武汉市-电信', 'Mozilla/5.0 (Windows NT 10.0; Win64; x64) AppleWebKit/537.36 (KHTML, like Gecko) Chrome/74.0.3724.8 Safari/537.36', 1, 0, 4, 1556182233, 1556182233);
INSERT INTO `user_log` VALUES (27, 8, 'http://127.0.0.1:8082/home', 'http://www.firefly.test/api/user/logout', 'user', '退出成功', '127.0.0.1', '中国--湖北省-武汉市-电信', 'Mozilla/5.0 (Windows NT 10.0; Win64; x64) AppleWebKit/537.36 (KHTML, like Gecko) Chrome/74.0.3724.8 Safari/537.36', 1, 0, 5, 1556182293, 1556182293);
INSERT INTO `user_log` VALUES (28, 8, 'http://127.0.0.1:8082/login', 'http://www.firefly.test/api/user/login', 'user', '登录成功', '127.0.0.1', '中国--湖北省-武汉市-电信', 'Mozilla/5.0 (Windows NT 10.0; Win64; x64) AppleWebKit/537.36 (KHTML, like Gecko) Chrome/74.0.3724.8 Safari/537.36', 1, 0, 4, 1556183066, 1556183066);
INSERT INTO `user_log` VALUES (29, 8, 'http://127.0.0.1:8082/login', 'http://www.firefly.test/api/user/login', 'user', '登录成功', '127.0.0.1', '中国--湖北省-武汉市-电信', 'Mozilla/5.0 (Windows NT 10.0; Win64; x64) AppleWebKit/537.36 (KHTML, like Gecko) Chrome/74.0.3724.8 Safari/537.36', 1, 0, 4, 1556183200, 1556183200);
INSERT INTO `user_log` VALUES (30, 8, 'http://127.0.0.1:8082/home', 'http://www.firefly.test/api/user/logout', 'user', '退出成功', '127.0.0.1', '中国--湖北省-武汉市-电信', 'Mozilla/5.0 (Windows NT 10.0; Win64; x64) AppleWebKit/537.36 (KHTML, like Gecko) Chrome/74.0.3724.8 Safari/537.36', 1, 0, 5, 1556183224, 1556183224);
INSERT INTO `user_log` VALUES (31, 8, 'http://127.0.0.1:8082/login', 'http://www.firefly.test/api/user/login', 'user', '登录成功', '127.0.0.1', '中国--湖北省-武汉市-电信', 'Mozilla/5.0 (Windows NT 10.0; Win64; x64) AppleWebKit/537.36 (KHTML, like Gecko) Chrome/74.0.3724.8 Safari/537.36', 1, 0, 4, 1556183251, 1556183251);
INSERT INTO `user_log` VALUES (32, 8, 'http://127.0.0.1:8082/home', 'http://www.firefly.test/api/user/logout', 'user', '退出成功', '127.0.0.1', '中国--湖北省-武汉市-电信', 'Mozilla/5.0 (Windows NT 10.0; Win64; x64) AppleWebKit/537.36 (KHTML, like Gecko) Chrome/74.0.3724.8 Safari/537.36', 1, 0, 5, 1556183306, 1556183306);
INSERT INTO `user_log` VALUES (33, 8, 'http://127.0.0.1:8082/login', 'http://www.firefly.test/api/user/login', 'user', '登录成功', '127.0.0.1', '中国--湖北省-武汉市-电信', 'Mozilla/5.0 (Windows NT 10.0; Win64; x64) AppleWebKit/537.36 (KHTML, like Gecko) Chrome/74.0.3724.8 Safari/537.36', 1, 0, 4, 1556183315, 1556183315);
INSERT INTO `user_log` VALUES (34, 8, 'http://127.0.0.1:8082/home', 'http://www.firefly.test/api/user/logout', 'user', '退出成功', '127.0.0.1', '中国--湖北省-武汉市-电信', 'Mozilla/5.0 (Windows NT 10.0; Win64; x64) AppleWebKit/537.36 (KHTML, like Gecko) Chrome/74.0.3724.8 Safari/537.36', 1, 0, 5, 1556183424, 1556183424);
INSERT INTO `user_log` VALUES (35, 8, 'http://127.0.0.1:8082/login', 'http://www.firefly.test/api/user/login', 'user', '登录成功', '127.0.0.1', '中国--湖北省-武汉市-电信', 'Mozilla/5.0 (Windows NT 10.0; Win64; x64) AppleWebKit/537.36 (KHTML, like Gecko) Chrome/74.0.3724.8 Safari/537.36', 1, 0, 4, 1556183790, 1556183790);
INSERT INTO `user_log` VALUES (36, 8, 'http://127.0.0.1:8082/home', 'http://www.firefly.test/api/user/logout', 'user', '退出成功', '127.0.0.1', '中国--湖北省-武汉市-电信', 'Mozilla/5.0 (Windows NT 10.0; Win64; x64) AppleWebKit/537.36 (KHTML, like Gecko) Chrome/74.0.3724.8 Safari/537.36', 1, 0, 5, 1556183815, 1556183815);
INSERT INTO `user_log` VALUES (37, 8, 'http://127.0.0.1:8082/login', 'http://www.firefly.test/api/user/login', 'user', '登录成功', '127.0.0.1', '中国--湖北省-武汉市-电信', 'Mozilla/5.0 (Windows NT 10.0; Win64; x64) AppleWebKit/537.36 (KHTML, like Gecko) Chrome/74.0.3724.8 Safari/537.36', 1, 0, 4, 1556184183, 1556184183);
INSERT INTO `user_log` VALUES (38, 8, 'http://127.0.0.1:8082/home', 'http://www.firefly.test/api/user/logout', 'user', '退出成功', '127.0.0.1', '中国--湖北省-武汉市-电信', 'Mozilla/5.0 (Windows NT 10.0; Win64; x64) AppleWebKit/537.36 (KHTML, like Gecko) Chrome/74.0.3724.8 Safari/537.36', 1, 0, 5, 1556184897, 1556184897);
INSERT INTO `user_log` VALUES (39, 8, 'http://127.0.0.1:8082/login', 'http://www.firefly.test/api/user/login', 'user', '登录成功', '127.0.0.1', '中国--湖北省-武汉市-电信', 'Mozilla/5.0 (Windows NT 10.0; Win64; x64) AppleWebKit/537.36 (KHTML, like Gecko) Chrome/74.0.3724.8 Safari/537.36', 1, 0, 4, 1556185746, 1556185746);
INSERT INTO `user_log` VALUES (40, 1, 'http://127.0.0.1:8082/login', 'http://www.firefly.test/api/user/login', 'user', '登录成功', '127.0.0.1', '中国--湖北省-武汉市-电信', 'Mozilla/5.0 (Windows NT 10.0; Win64; x64) AppleWebKit/537.36 (KHTML, like Gecko) Chrome/74.0.3724.8 Safari/537.36', 1, 0, 4, 1556194129, 1556194129);
INSERT INTO `user_log` VALUES (41, 1, 'http://127.0.0.1:8082/home', 'http://www.firefly.test/api/user/logout', 'user', '退出成功', '127.0.0.1', '中国--湖北省-武汉市-电信', 'Mozilla/5.0 (Windows NT 10.0; Win64; x64) AppleWebKit/537.36 (KHTML, like Gecko) Chrome/74.0.3724.8 Safari/537.36', 1, 0, 5, 1556195435, 1556195435);
INSERT INTO `user_log` VALUES (42, 1, 'http://127.0.0.1:8082/login', 'http://www.firefly.test/api/user/login', 'user', '登录成功', '127.0.0.1', '中国--湖北省-武汉市-电信', 'Mozilla/5.0 (Windows NT 10.0; Win64; x64) AppleWebKit/537.36 (KHTML, like Gecko) Chrome/74.0.3724.8 Safari/537.36', 1, 0, 4, 1556195449, 1556195449);
INSERT INTO `user_log` VALUES (43, 1, 'http://127.0.0.1:8082/home', 'http://www.firefly.test/api/user/logout', 'user', '退出成功', '127.0.0.1', '中国--湖北省-武汉市-电信', 'Mozilla/5.0 (Windows NT 10.0; Win64; x64) AppleWebKit/537.36 (KHTML, like Gecko) Chrome/74.0.3724.8 Safari/537.36', 1, 0, 5, 1556197133, 1556197133);
INSERT INTO `user_log` VALUES (44, 1, 'http://127.0.0.1:8082/login', 'http://www.firefly.test/api/user/login', 'user', '登录成功', '127.0.0.1', '中国--湖北省-武汉市-电信', 'Mozilla/5.0 (Windows NT 10.0; Win64; x64) AppleWebKit/537.36 (KHTML, like Gecko) Chrome/74.0.3724.8 Safari/537.36', 1, 0, 4, 1556197258, 1556197258);
INSERT INTO `user_log` VALUES (45, 1, 'http://127.0.0.1:8082/home', 'http://www.firefly.test/api/user/changepwd', 'user', '(user1)修改密码成功', '127.0.0.1', '中国--湖北省-武汉市-电信', 'Mozilla/5.0 (Windows NT 10.0; Win64; x64) AppleWebKit/537.36 (KHTML, like Gecko) Chrome/74.0.3724.8 Safari/537.36', 1, 0, 2, 1556198535, 1556198535);
INSERT INTO `user_log` VALUES (46, 1, 'http://127.0.0.1:8082/login', 'http://www.firefly.test/api/user/login', 'user', '登录成功', '127.0.0.1', '中国--湖北省-武汉市-电信', 'Mozilla/5.0 (Windows NT 10.0; Win64; x64) AppleWebKit/537.36 (KHTML, like Gecko) Chrome/74.0.3724.8 Safari/537.36', 1, 0, 4, 1556198549, 1556198549);
INSERT INTO `user_log` VALUES (47, 1, 'http://127.0.0.1:8082/home', 'http://www.firefly.test/api/user/getvcode', 'email', '发送找回密码验证码', '127.0.0.1', '中国--湖北省-武汉市-电信', 'Mozilla/5.0 (Windows NT 10.0; Win64; x64) AppleWebKit/537.36 (KHTML, like Gecko) Chrome/74.0.3724.8 Safari/537.36', 1, 0, 6, 1556199284, 1556199284);
INSERT INTO `user_log` VALUES (48, 1, 'http://127.0.0.1:8082/home', 'http://www.firefly.test/api/user/getvcode', 'email', '发送修改邮箱验证码', '127.0.0.1', '中国--湖北省-武汉市-电信', 'Mozilla/5.0 (Windows NT 10.0; Win64; x64) AppleWebKit/537.36 (KHTML, like Gecko) Chrome/74.0.3724.8 Safari/537.36', 1, 0, 6, 1556199908, 1556199908);
INSERT INTO `user_log` VALUES (49, 1, 'http://127.0.0.1:8082/home', 'http://www.firefly.test/api/user/changeemail', 'user', '(user1)修改邮箱成功', '127.0.0.1', '中国--湖北省-武汉市-电信', 'Mozilla/5.0 (Windows NT 10.0; Win64; x64) AppleWebKit/537.36 (KHTML, like Gecko) Chrome/74.0.3724.8 Safari/537.36', 1, 0, 2, 1556200357, 1556200357);
INSERT INTO `user_log` VALUES (50, 1, 'http://127.0.0.1:8082/login', 'http://www.firefly.test/api/user/login', 'user', '登录成功', '127.0.0.1', '中国--湖北省-武汉市-电信', 'Mozilla/5.0 (Windows NT 10.0; Win64; x64) AppleWebKit/537.36 (KHTML, like Gecko) Chrome/74.0.3724.8 Safari/537.36', 1, 0, 4, 1556200668, 1556200668);
INSERT INTO `user_log` VALUES (51, 1, 'http://127.0.0.1:8082/home', 'http://www.firefly.test/api/user/logout', 'user', '退出成功', '127.0.0.1', '中国--湖北省-武汉市-电信', 'Mozilla/5.0 (Windows NT 10.0; Win64; x64) AppleWebKit/537.36 (KHTML, like Gecko) Chrome/74.0.3724.8 Safari/537.36', 1, 0, 5, 1556200715, 1556200715);
INSERT INTO `user_log` VALUES (52, 1, 'http://127.0.0.1:8082/login', 'http://www.firefly.test/api/user/login', 'user', '登录成功', '127.0.0.1', '中国--湖北省-武汉市-电信', 'Mozilla/5.0 (Windows NT 10.0; Win64; x64) AppleWebKit/537.36 (KHTML, like Gecko) Chrome/74.0.3724.8 Safari/537.36', 1, 0, 4, 1556200764, 1556200764);
INSERT INTO `user_log` VALUES (53, 1, 'http://127.0.0.1:8082/home', 'http://www.firefly.test/api/user/logout', 'user', '退出成功', '127.0.0.1', '中国--湖北省-武汉市-电信', 'Mozilla/5.0 (Windows NT 10.0; Win64; x64) AppleWebKit/537.36 (KHTML, like Gecko) Chrome/74.0.3724.8 Safari/537.36', 1, 0, 5, 1556200773, 1556200773);
INSERT INTO `user_log` VALUES (54, 1, 'http://127.0.0.1:8082/login', 'http://www.firefly.test/api/user/login', 'user', '登录成功', '127.0.0.1', '中国--湖北省-武汉市-电信', 'Mozilla/5.0 (Windows NT 10.0; Win64; x64) AppleWebKit/537.36 (KHTML, like Gecko) Chrome/74.0.3724.8 Safari/537.36', 1, 0, 4, 1556200796, 1556200796);
INSERT INTO `user_log` VALUES (55, 1, 'http://127.0.0.1:8082/home', 'http://www.firefly.test/api/user/getvcode', 'email', '发送修改邮箱验证码', '127.0.0.1', '中国--湖北省-武汉市-电信', 'Mozilla/5.0 (Windows NT 10.0; Win64; x64) AppleWebKit/537.36 (KHTML, like Gecko) Chrome/74.0.3724.8 Safari/537.36', 1, 0, 6, 1556200809, 1556200809);
INSERT INTO `user_log` VALUES (56, 1, 'http://127.0.0.1:8082/home', 'http://www.firefly.test/api/user/changeemail', 'user', '(user1)修改邮箱成功', '127.0.0.1', '中国--湖北省-武汉市-电信', 'Mozilla/5.0 (Windows NT 10.0; Win64; x64) AppleWebKit/537.36 (KHTML, like Gecko) Chrome/74.0.3724.8 Safari/537.36', 1, 0, 2, 1556200906, 1556200906);
INSERT INTO `user_log` VALUES (57, 8, 'http://127.0.0.1:8082/login', 'http://www.firefly.test/api/user/login', 'user', '登录成功', '127.0.0.1', '', 'Mozilla/5.0 (Windows NT 10.0; Win64; x64) AppleWebKit/537.36 (KHTML, like Gecko) Chrome/74.0.3724.8 Safari/537.36', 1, 0, 4, 1556204074, 1556204074);
INSERT INTO `user_log` VALUES (58, 8, 'http://127.0.0.1:8082/home', 'http://www.firefly.test/api/user/logout', 'user', '退出成功', '127.0.0.1', '', 'Mozilla/5.0 (Windows NT 10.0; Win64; x64) AppleWebKit/537.36 (KHTML, like Gecko) Chrome/74.0.3724.8 Safari/537.36', 1, 0, 5, 1556204681, 1556204681);
INSERT INTO `user_log` VALUES (59, 1, 'http://127.0.0.1:8082/login', 'http://www.firefly.test/api/user/login', 'user', '登录成功', '127.0.0.1', '', 'Mozilla/5.0 (Windows NT 10.0; Win64; x64) AppleWebKit/537.36 (KHTML, like Gecko) Chrome/74.0.3724.8 Safari/537.36', 1, 0, 4, 1556204715, 1556204715);
INSERT INTO `user_log` VALUES (60, 1, 'http://127.0.0.1:8082/personal', 'http://www.firefly.test/api/user/logout', 'user', '退出成功', '127.0.0.1', '中国--湖北省-武汉市-电信', 'Mozilla/5.0 (Windows NT 10.0; Win64; x64) AppleWebKit/537.36 (KHTML, like Gecko) Chrome/74.0.3724.8 Safari/537.36', 1, 0, 5, 1556238240, 1556238240);
INSERT INTO `user_log` VALUES (61, 1, 'http://127.0.0.1:8082/login', 'http://www.firefly.test/api/user/login', 'user', '登录成功', '127.0.0.1', '中国--湖北省-武汉市-电信', 'Mozilla/5.0 (Windows NT 10.0; Win64; x64) AppleWebKit/537.36 (KHTML, like Gecko) Chrome/74.0.3724.8 Safari/537.36', 1, 0, 4, 1556238253, 1556238253);
INSERT INTO `user_log` VALUES (62, 1, 'http://127.0.0.1:8082/login', 'http://www.firefly.test/api/user/login', 'user', '登录成功', '127.0.0.1', '中国--湖北省-武汉市-电信', 'Mozilla/5.0 (Windows NT 10.0; Win64; x64) AppleWebKit/537.36 (KHTML, like Gecko) Chrome/74.0.3724.8 Safari/537.36', 1, 0, 4, 1556242427, 1556242427);
INSERT INTO `user_log` VALUES (63, 1, 'http://127.0.0.1:8082/home', 'http://www.firefly.test/api/user/changepwd', 'user', '(user1)修改密码成功', '127.0.0.1', '中国--湖北省-武汉市-电信', 'Mozilla/5.0 (Windows NT 10.0; Win64; x64) AppleWebKit/537.36 (KHTML, like Gecko) Chrome/74.0.3724.8 Safari/537.36', 1, 0, 2, 1556242445, 1556242445);
INSERT INTO `user_log` VALUES (64, 1, 'http://127.0.0.1:8082/login', 'http://www.firefly.test/api/user/login', 'user', '登录成功', '127.0.0.1', '中国--湖北省-武汉市-电信', 'Mozilla/5.0 (Windows NT 10.0; Win64; x64) AppleWebKit/537.36 (KHTML, like Gecko) Chrome/74.0.3724.8 Safari/537.36', 1, 0, 4, 1556242460, 1556242460);
INSERT INTO `user_log` VALUES (65, 1, 'http://127.0.0.1:8082/home', 'http://www.firefly.test/api/user/logout', 'user', '退出成功', '127.0.0.1', '中国--湖北省-武汉市-电信', 'Mozilla/5.0 (Windows NT 10.0; Win64; x64) AppleWebKit/537.36 (KHTML, like Gecko) Chrome/74.0.3724.8 Safari/537.36', 1, 0, 5, 1556244374, 1556244374);
INSERT INTO `user_log` VALUES (66, 1, 'http://127.0.0.1:8082/login', 'http://www.firefly.test/api/user/login', 'user', '登录成功', '127.0.0.1', '中国--湖北省-武汉市-电信', 'Mozilla/5.0 (Windows NT 10.0; Win64; x64) AppleWebKit/537.36 (KHTML, like Gecko) Chrome/74.0.3724.8 Safari/537.36', 1, 0, 4, 1556244389, 1556244389);
INSERT INTO `user_log` VALUES (67, 1, 'http://127.0.0.1:8082/home', 'http://www.firefly.test/api/user/logout', 'user', '退出成功', '127.0.0.1', '中国--湖北省-武汉市-电信', 'Mozilla/5.0 (Windows NT 10.0; Win64; x64) AppleWebKit/537.36 (KHTML, like Gecko) Chrome/74.0.3724.8 Safari/537.36', 1, 0, 5, 1556244410, 1556244410);
INSERT INTO `user_log` VALUES (68, 1, 'http://127.0.0.1:8082/login', 'http://www.firefly.test/api/user/login', 'user', '登录成功', '127.0.0.1', '中国--湖北省-武汉市-电信', 'Mozilla/5.0 (Windows NT 10.0; Win64; x64) AppleWebKit/537.36 (KHTML, like Gecko) Chrome/74.0.3724.8 Safari/537.36', 1, 0, 4, 1556244424, 1556244424);
INSERT INTO `user_log` VALUES (69, 1, 'http://127.0.0.1:8082/personal', 'http://www.firefly.test/api/user/changebase', 'user', '(user1)修改基本资料成功', '127.0.0.1', '中国--湖北省-武汉市-电信', 'Mozilla/5.0 (Windows NT 10.0; Win64; x64) AppleWebKit/537.36 (KHTML, like Gecko) Chrome/74.0.3724.8 Safari/537.36', 1, 0, 2, 1556258632, 1556258632);
INSERT INTO `user_log` VALUES (70, 1, 'http://127.0.0.1:8082/personal', 'http://www.firefly.test/api/user/changebase', 'user', '(user1)修改基本资料成功', '127.0.0.1', '中国--湖北省-武汉市-电信', 'Mozilla/5.0 (Windows NT 10.0; Win64; x64) AppleWebKit/537.36 (KHTML, like Gecko) Chrome/74.0.3724.8 Safari/537.36', 1, 0, 2, 1556258673, 1556258673);
INSERT INTO `user_log` VALUES (71, 1, 'http://127.0.0.1:8082/personal', 'http://www.firefly.test/api/user/changebase', 'user', '(user1)修改基本资料成功', '127.0.0.1', '中国--湖北省-武汉市-电信', 'Mozilla/5.0 (Windows NT 10.0; Win64; x64) AppleWebKit/537.36 (KHTML, like Gecko) Chrome/74.0.3724.8 Safari/537.36', 1, 0, 2, 1556258705, 1556258705);
INSERT INTO `user_log` VALUES (72, 1, 'http://127.0.0.1:8082/personal', 'http://www.firefly.test/api/user/changebase', 'user', '(user1)修改基本资料成功', '127.0.0.1', '中国--湖北省-武汉市-电信', 'Mozilla/5.0 (Windows NT 10.0; Win64; x64) AppleWebKit/537.36 (KHTML, like Gecko) Chrome/74.0.3724.8 Safari/537.36', 1, 0, 2, 1556258733, 1556258733);
INSERT INTO `user_log` VALUES (73, 1, 'http://127.0.0.1:8082/personal', 'http://www.firefly.test/api/user/changebase', 'user', '(user1)修改基本资料成功', '127.0.0.1', '中国--湖北省-武汉市-电信', 'Mozilla/5.0 (Windows NT 10.0; Win64; x64) AppleWebKit/537.36 (KHTML, like Gecko) Chrome/74.0.3724.8 Safari/537.36', 1, 0, 2, 1556258755, 1556258755);
INSERT INTO `user_log` VALUES (74, 1, 'http://127.0.0.1:8082/personal', 'http://www.firefly.test/api/user/changebase', 'user', '(user1)修改基本资料成功', '127.0.0.1', '中国--湖北省-武汉市-电信', 'Mozilla/5.0 (Windows NT 10.0; Win64; x64) AppleWebKit/537.36 (KHTML, like Gecko) Chrome/74.0.3724.8 Safari/537.36', 1, 0, 2, 1556258768, 1556258768);
INSERT INTO `user_log` VALUES (75, 1, 'http://127.0.0.1:8082/personal', 'http://www.firefly.test/api/user/changebase', 'user', '(user1)修改基本资料成功', '127.0.0.1', '中国--湖北省-武汉市-电信', 'Mozilla/5.0 (Windows NT 10.0; Win64; x64) AppleWebKit/537.36 (KHTML, like Gecko) Chrome/74.0.3724.8 Safari/537.36', 1, 0, 2, 1556258777, 1556258777);
INSERT INTO `user_log` VALUES (76, 1, 'http://127.0.0.1:8082/personal', 'http://www.firefly.test/api/user/changebase', 'user', '(user1)修改基本资料成功', '127.0.0.1', '中国--湖北省-武汉市-电信', 'Mozilla/5.0 (Windows NT 10.0; Win64; x64) AppleWebKit/537.36 (KHTML, like Gecko) Chrome/74.0.3724.8 Safari/537.36', 1, 0, 2, 1556258822, 1556258822);
INSERT INTO `user_log` VALUES (77, 1, 'http://127.0.0.1:8082/personal', 'http://www.firefly.test/api/user/changebase', 'user', '(user1)修改基本资料成功', '127.0.0.1', '中国--湖北省-武汉市-电信', 'Mozilla/5.0 (Windows NT 10.0; Win64; x64) AppleWebKit/537.36 (KHTML, like Gecko) Chrome/74.0.3724.8 Safari/537.36', 1, 0, 2, 1556258971, 1556258971);
INSERT INTO `user_log` VALUES (78, 1, 'http://127.0.0.1:8082/personal', 'http://www.firefly.test/api/user/changebase', 'user', '(user1)修改基本资料成功', '127.0.0.1', '中国--湖北省-武汉市-电信', 'Mozilla/5.0 (Windows NT 10.0; Win64; x64) AppleWebKit/537.36 (KHTML, like Gecko) Chrome/74.0.3724.8 Safari/537.36', 1, 0, 2, 1556258998, 1556258998);
INSERT INTO `user_log` VALUES (79, 1, 'http://127.0.0.1:8082/personal', 'http://www.firefly.test/api/user/changebase', 'user', '(user1)修改基本资料成功', '127.0.0.1', '中国--湖北省-武汉市-电信', 'Mozilla/5.0 (Windows NT 10.0; Win64; x64) AppleWebKit/537.36 (KHTML, like Gecko) Chrome/74.0.3724.8 Safari/537.36', 1, 0, 2, 1556259127, 1556259127);
INSERT INTO `user_log` VALUES (80, 1, 'http://127.0.0.1:8082/personal', 'http://www.firefly.test/api/user/changebase', 'user', '(user1)修改基本资料成功', '127.0.0.1', '中国--湖北省-武汉市-电信', 'Mozilla/5.0 (Windows NT 10.0; Win64; x64) AppleWebKit/537.36 (KHTML, like Gecko) Chrome/74.0.3724.8 Safari/537.36', 1, 0, 2, 1556259132, 1556259132);
INSERT INTO `user_log` VALUES (81, 1, 'http://127.0.0.1:8082/personal', 'http://www.firefly.test/api/user/changebase', 'user', '(user1)修改基本资料成功', '127.0.0.1', '中国--湖北省-武汉市-电信', 'Mozilla/5.0 (Windows NT 10.0; Win64; x64) AppleWebKit/537.36 (KHTML, like Gecko) Chrome/74.0.3724.8 Safari/537.36', 1, 0, 2, 1556259197, 1556259197);
INSERT INTO `user_log` VALUES (82, 1, 'http://127.0.0.1:8082/personal', 'http://www.firefly.test/api/user/logout', 'user', '退出成功', '127.0.0.1', '中国--湖北省-武汉市-电信', 'Mozilla/5.0 (Windows NT 10.0; Win64; x64) AppleWebKit/537.36 (KHTML, like Gecko) Chrome/74.0.3724.8 Safari/537.36', 1, 0, 5, 1556259290, 1556259290);
INSERT INTO `user_log` VALUES (83, 8, 'http://127.0.0.1:8082/login', 'http://www.firefly.test/api/user/login', 'user', '登录成功', '127.0.0.1', '中国--湖北省-武汉市-电信', 'Mozilla/5.0 (Windows NT 10.0; Win64; x64) AppleWebKit/537.36 (KHTML, like Gecko) Chrome/74.0.3724.8 Safari/537.36', 1, 0, 4, 1556259303, 1556259303);
INSERT INTO `user_log` VALUES (84, 8, 'http://127.0.0.1:8082/personal', 'http://www.firefly.test/api/user/changebase', 'user', '(user2)修改基本资料成功', '127.0.0.1', '中国--湖北省-武汉市-电信', 'Mozilla/5.0 (Windows NT 10.0; Win64; x64) AppleWebKit/537.36 (KHTML, like Gecko) Chrome/74.0.3724.8 Safari/537.36', 1, 0, 2, 1556259582, 1556259582);
INSERT INTO `user_log` VALUES (85, 8, 'http://127.0.0.1:8082/personal', 'http://www.firefly.test/api/user/changebase', 'user', '(user2)修改基本资料成功', '127.0.0.1', '中国--湖北省-武汉市-电信', 'Mozilla/5.0 (Windows NT 10.0; Win64; x64) AppleWebKit/537.36 (KHTML, like Gecko) Chrome/74.0.3724.8 Safari/537.36', 1, 0, 2, 1556259600, 1556259600);
INSERT INTO `user_log` VALUES (86, 8, 'http://127.0.0.1:8082/personal', 'http://www.firefly.test/api/user/changebase', 'user', '(user2)修改基本资料成功', '127.0.0.1', '中国--湖北省-武汉市-电信', 'Mozilla/5.0 (Windows NT 10.0; Win64; x64) AppleWebKit/537.36 (KHTML, like Gecko) Chrome/74.0.3724.8 Safari/537.36', 1, 0, 2, 1556260266, 1556260266);
INSERT INTO `user_log` VALUES (87, 8, 'http://127.0.0.1:8082/personal', 'http://www.firefly.test/api/user/changebase', 'user', '(user2)修改基本资料成功', '127.0.0.1', '中国--湖北省-武汉市-电信', 'Mozilla/5.0 (Windows NT 10.0; Win64; x64) AppleWebKit/537.36 (KHTML, like Gecko) Chrome/74.0.3724.8 Safari/537.36', 1, 0, 2, 1556260276, 1556260276);
INSERT INTO `user_log` VALUES (88, 8, 'http://127.0.0.1:8082/personal', 'http://www.firefly.test/api/user/changebase', 'user', '(user2)修改基本资料成功', '127.0.0.1', '中国--湖北省-武汉市-电信', 'Mozilla/5.0 (Windows NT 10.0; Win64; x64) AppleWebKit/537.36 (KHTML, like Gecko) Chrome/74.0.3724.8 Safari/537.36', 1, 0, 2, 1556260292, 1556260292);
INSERT INTO `user_log` VALUES (89, 8, 'http://127.0.0.1:8082/personal', 'http://www.firefly.test/api/user/changebase', 'user', '(user2)修改基本资料成功', '127.0.0.1', '中国--湖北省-武汉市-电信', 'Mozilla/5.0 (Windows NT 10.0; Win64; x64) AppleWebKit/537.36 (KHTML, like Gecko) Chrome/74.0.3724.8 Safari/537.36', 1, 0, 2, 1556260505, 1556260505);
INSERT INTO `user_log` VALUES (90, 8, 'http://127.0.0.1:8082/personal', 'http://www.firefly.test/api/user/changebase', 'user', '(user2)修改基本资料成功', '127.0.0.1', '中国--湖北省-武汉市-电信', 'Mozilla/5.0 (Windows NT 10.0; Win64; x64) AppleWebKit/537.36 (KHTML, like Gecko) Chrome/74.0.3724.8 Safari/537.36', 1, 0, 2, 1556260523, 1556260523);
INSERT INTO `user_log` VALUES (91, 8, 'http://127.0.0.1:8082/personal', 'http://www.firefly.test/api/user/changebase', 'user', '(user2)修改基本资料成功', '127.0.0.1', '中国--湖北省-武汉市-电信', 'Mozilla/5.0 (Windows NT 10.0; Win64; x64) AppleWebKit/537.36 (KHTML, like Gecko) Chrome/74.0.3724.8 Safari/537.36', 1, 0, 2, 1556260540, 1556260540);
INSERT INTO `user_log` VALUES (92, 8, 'http://127.0.0.1:8082/personal', 'http://www.firefly.test/api/user/changebase', 'user', '(user2)修改基本资料成功', '127.0.0.1', '中国--湖北省-武汉市-电信', 'Mozilla/5.0 (Windows NT 10.0; Win64; x64) AppleWebKit/537.36 (KHTML, like Gecko) Chrome/74.0.3724.8 Safari/537.36', 1, 0, 2, 1556260668, 1556260668);
INSERT INTO `user_log` VALUES (93, 8, 'http://127.0.0.1:8082/personal', 'http://www.firefly.test/api/user/changebase', 'user', '(user2)修改基本资料成功', '127.0.0.1', '中国--湖北省-武汉市-电信', 'Mozilla/5.0 (Windows NT 10.0; Win64; x64) AppleWebKit/537.36 (KHTML, like Gecko) Chrome/74.0.3724.8 Safari/537.36', 1, 0, 2, 1556260684, 1556260684);
INSERT INTO `user_log` VALUES (94, 8, 'http://127.0.0.1:8082/home', 'http://www.firefly.test/api/user/logout', 'user', '退出成功', '127.0.0.1', '中国--湖北省-武汉市-电信', 'Mozilla/5.0 (Windows NT 10.0; Win64; x64) AppleWebKit/537.36 (KHTML, like Gecko) Chrome/74.0.3724.8 Safari/537.36', 1, 0, 5, 1556260988, 1556260988);
INSERT INTO `user_log` VALUES (95, 1, 'http://127.0.0.1:8082/login', 'http://www.firefly.test/api/user/login', 'user', '登录成功', '127.0.0.1', '中国--湖北省-武汉市-电信', 'Mozilla/5.0 (Windows NT 10.0; Win64; x64) AppleWebKit/537.36 (KHTML, like Gecko) Chrome/74.0.3724.8 Safari/537.36', 1, 0, 4, 1556261113, 1556261113);
INSERT INTO `user_log` VALUES (96, 1, 'http://127.0.0.1:8082/personal', 'http://www.firefly.test/api/user/changebase', 'user', '(user1)修改基本资料成功', '127.0.0.1', '中国--湖北省-武汉市-电信', 'Mozilla/5.0 (Windows NT 10.0; Win64; x64) AppleWebKit/537.36 (KHTML, like Gecko) Chrome/74.0.3724.8 Safari/537.36', 1, 0, 2, 1556261124, 1556261124);
INSERT INTO `user_log` VALUES (97, 1, 'http://127.0.0.1:8082/personal', 'http://www.firefly.test/api/user/changebase', 'user', '(user1)修改基本资料成功', '127.0.0.1', '中国--湖北省-武汉市-电信', 'Mozilla/5.0 (Windows NT 10.0; Win64; x64) AppleWebKit/537.36 (KHTML, like Gecko) Chrome/74.0.3724.8 Safari/537.36', 1, 0, 2, 1556261138, 1556261138);
INSERT INTO `user_log` VALUES (98, 1, 'http://127.0.0.1:8082/personal', 'http://www.firefly.test/api/user/upavatar', 'user_attachment', '上传失败上传文件后缀不允许', '127.0.0.1', '中国--湖北省-武汉市-电信', 'Mozilla/5.0 (Windows NT 10.0; Win64; x64) AppleWebKit/537.36 (KHTML, like Gecko) Chrome/74.0.3724.8 Safari/537.36', 1, 0, 7, 1556270591, 1556270591);
INSERT INTO `user_log` VALUES (99, 1, 'http://127.0.0.1:8082/personal', 'http://www.firefly.test/api/user/upavatar', 'user_attachment', '上传失败上传文件后缀不允许', '127.0.0.1', '中国--湖北省-武汉市-电信', 'Mozilla/5.0 (Windows NT 10.0; Win64; x64) AppleWebKit/537.36 (KHTML, like Gecko) Chrome/74.0.3724.8 Safari/537.36', 1, 0, 7, 1556270697, 1556270697);
INSERT INTO `user_log` VALUES (100, 1, 'http://127.0.0.1:8082/personal', 'http://www.firefly.test/api/user/upavatar', 'user_attachment', '上传成功!', '127.0.0.1', '中国--湖北省-武汉市-电信', 'Mozilla/5.0 (Windows NT 10.0; Win64; x64) AppleWebKit/537.36 (KHTML, like Gecko) Chrome/74.0.3724.8 Safari/537.36', 1, 0, 7, 1556270715, 1556270715);
INSERT INTO `user_log` VALUES (101, 1, 'http://127.0.0.1:8082/personal', 'http://www.firefly.test/api/user/upavatar', 'user_attachment', '上传成功!', '127.0.0.1', '中国--湖北省-武汉市-电信', 'Mozilla/5.0 (Windows NT 10.0; Win64; x64) AppleWebKit/537.36 (KHTML, like Gecko) Chrome/74.0.3724.8 Safari/537.36', 1, 0, 7, 1556271273, 1556271273);
INSERT INTO `user_log` VALUES (102, 1, 'http://127.0.0.1:8082/personal', 'http://www.firefly.test/api/user/upavatar', 'user_attachment', '上传成功!', '127.0.0.1', '中国--湖北省-武汉市-电信', 'Mozilla/5.0 (Windows NT 10.0; Win64; x64) AppleWebKit/537.36 (KHTML, like Gecko) Chrome/74.0.3724.8 Safari/537.36', 1, 0, 7, 1556271357, 1556271357);
INSERT INTO `user_log` VALUES (103, 1, 'http://127.0.0.1:8082/personal', 'http://www.firefly.test/api/user/changebase', 'user', '(user1)修改基本资料成功', '127.0.0.1', '中国--湖北省-武汉市-电信', 'Mozilla/5.0 (Windows NT 10.0; Win64; x64) AppleWebKit/537.36 (KHTML, like Gecko) Chrome/74.0.3724.8 Safari/537.36', 1, 0, 2, 1556271441, 1556271441);
INSERT INTO `user_log` VALUES (104, 1, 'http://127.0.0.1:8082/login', 'http://www.firefly.test/api/user/login', 'user', '登录成功', '127.0.0.1', '中国--湖北省-武汉市-电信', 'Mozilla/5.0 (Windows NT 10.0; Win64; x64) AppleWebKit/537.36 (KHTML, like Gecko) Chrome/74.0.3724.8 Safari/537.36', 1, 0, 4, 1556275897, 1556275897);
INSERT INTO `user_log` VALUES (105, 1, 'http://127.0.0.1:8082/personal', 'http://www.firefly.test/api/user/upavatar', 'user_attachment', '上传成功!', '127.0.0.1', '中国--湖北省-武汉市-电信', 'Mozilla/5.0 (Windows NT 10.0; Win64; x64) AppleWebKit/537.36 (KHTML, like Gecko) Chrome/74.0.3724.8 Safari/537.36', 1, 0, 7, 1556275914, 1556275914);
INSERT INTO `user_log` VALUES (106, 1, 'http://127.0.0.1:8082/personal', 'http://www.firefly.test/api/user/upavatar', 'user', '(user1)修改头像成功', '127.0.0.1', '中国--湖北省-武汉市-电信', 'Mozilla/5.0 (Windows NT 10.0; Win64; x64) AppleWebKit/537.36 (KHTML, like Gecko) Chrome/74.0.3724.8 Safari/537.36', 1, 0, 2, 1556275914, 1556275914);
INSERT INTO `user_log` VALUES (107, 1, 'http://127.0.0.1:8082/personal', 'http://www.firefly.test/api/user/logout', 'user', '退出成功', '127.0.0.1', '中国--湖北省-武汉市-电信', 'Mozilla/5.0 (Windows NT 10.0; Win64; x64) AppleWebKit/537.36 (KHTML, like Gecko) Chrome/74.0.3724.8 Safari/537.36', 1, 0, 5, 1556275924, 1556275924);
INSERT INTO `user_log` VALUES (108, 1, 'http://127.0.0.1:8082/login', 'http://www.firefly.test/api/user/login', 'user', '登录成功', '127.0.0.1', '中国--湖北省-武汉市-电信', 'Mozilla/5.0 (Windows NT 10.0; Win64; x64) AppleWebKit/537.36 (KHTML, like Gecko) Chrome/74.0.3724.8 Safari/537.36', 1, 0, 4, 1556275934, 1556275934);
INSERT INTO `user_log` VALUES (109, 1, 'http://127.0.0.1:8082/personal', 'http://www.firefly.test/api/user/logout', 'user', '退出成功', '127.0.0.1', '中国--湖北省-武汉市-电信', 'Mozilla/5.0 (Windows NT 10.0; Win64; x64) AppleWebKit/537.36 (KHTML, like Gecko) Chrome/74.0.3724.8 Safari/537.36', 1, 0, 5, 1556279535, 1556279535);
INSERT INTO `user_log` VALUES (110, 1, 'http://127.0.0.1:8082/login', 'http://www.firefly.test/api/user/login', 'user', '登录成功', '127.0.0.1', '中国--湖北省-武汉市-电信', 'Mozilla/5.0 (Windows NT 10.0; Win64; x64) AppleWebKit/537.36 (KHTML, like Gecko) Chrome/74.0.3724.8 Safari/537.36', 1, 0, 4, 1556279547, 1556279547);
INSERT INTO `user_log` VALUES (111, 1, 'http://127.0.0.1:8082/personal', 'http://www.firefly.test/api/user/logout', 'user', '退出成功', '127.0.0.1', '中国--湖北省-武汉市-电信', 'Mozilla/5.0 (Windows NT 10.0; Win64; x64) AppleWebKit/537.36 (KHTML, like Gecko) Chrome/74.0.3724.8 Safari/537.36', 1, 0, 5, 1556279598, 1556279598);
INSERT INTO `user_log` VALUES (112, 1, 'http://127.0.0.1:8082/login', 'http://www.firefly.test/api/user/login', 'user', '登录成功', '127.0.0.1', '中国--湖北省-武汉市-电信', 'Mozilla/5.0 (Windows NT 10.0; Win64; x64) AppleWebKit/537.36 (KHTML, like Gecko) Chrome/74.0.3724.8 Safari/537.36', 1, 0, 4, 1556279678, 1556279678);
INSERT INTO `user_log` VALUES (113, 1, 'http://127.0.0.1:8082/home', 'http://www.firefly.test/api/user/logout', 'user', '退出成功', '127.0.0.1', '中国--湖北省-武汉市-电信', 'Mozilla/5.0 (Windows NT 10.0; Win64; x64) AppleWebKit/537.36 (KHTML, like Gecko) Chrome/74.0.3724.8 Safari/537.36', 1, 0, 5, 1556279788, 1556279788);
INSERT INTO `user_log` VALUES (114, 9, 'http://127.0.0.1:8082/login', 'http://www.firefly.test/api/user/login', 'user', '登录成功', '127.0.0.1', '中国--湖北省-武汉市-电信', 'Mozilla/5.0 (Windows NT 10.0; Win64; x64) AppleWebKit/537.36 (KHTML, like Gecko) Chrome/74.0.3724.8 Safari/537.36', 1, 0, 4, 1556279806, 1556279806);
INSERT INTO `user_log` VALUES (115, 1, 'http://127.0.0.1:8082/login', 'http://www.firefly.test/api/user/login', 'user', '登录成功', '127.0.0.1', '中国--湖北省-武汉市-电信', 'Mozilla/5.0 (Windows NT 10.0; Win64; x64) AppleWebKit/537.36 (KHTML, like Gecko) Chrome/74.0.3724.8 Safari/537.36', 1, 0, 4, 1556282434, 1556282434);
INSERT INTO `user_log` VALUES (116, 1, 'http://127.0.0.1:8082/personal', 'http://www.firefly.test/api/user/logout', 'user', '退出成功', '127.0.0.1', '中国--湖北省-武汉市-电信', 'Mozilla/5.0 (Windows NT 10.0; Win64; x64) AppleWebKit/537.36 (KHTML, like Gecko) Chrome/74.0.3724.8 Safari/537.36', 1, 0, 5, 1556282850, 1556282850);
INSERT INTO `user_log` VALUES (117, 1, 'http://127.0.0.1:8082/login', 'http://www.firefly.test/api/user/login', 'user', '登录成功', '127.0.0.1', '中国--湖北省-武汉市-电信', 'Mozilla/5.0 (Windows NT 10.0; Win64; x64) AppleWebKit/537.36 (KHTML, like Gecko) Chrome/74.0.3724.8 Safari/537.36', 1, 0, 4, 1556282870, 1556282870);
INSERT INTO `user_log` VALUES (118, 1, 'http://127.0.0.1:8082/personal', 'http://www.firefly.test/api/user/logout', 'user', '退出成功', '127.0.0.1', '中国--湖北省-武汉市-电信', 'Mozilla/5.0 (Windows NT 10.0; Win64; x64) AppleWebKit/537.36 (KHTML, like Gecko) Chrome/74.0.3724.8 Safari/537.36', 1, 0, 5, 1556283125, 1556283125);
INSERT INTO `user_log` VALUES (119, 1, 'http://127.0.0.1:8082/login', 'http://www.firefly.test/api/user/login', 'user', '登录成功', '127.0.0.1', '中国--湖北省-武汉市-电信', 'Mozilla/5.0 (Windows NT 10.0; Win64; x64) AppleWebKit/537.36 (KHTML, like Gecko) Chrome/74.0.3724.8 Safari/537.36', 1, 0, 4, 1556283176, 1556283176);
INSERT INTO `user_log` VALUES (120, 1, 'http://127.0.0.1:8082/personal', 'http://www.firefly.test/api/user/logout', 'user', '退出成功', '127.0.0.1', '中国--湖北省-武汉市-电信', 'Mozilla/5.0 (Windows NT 10.0; Win64; x64) AppleWebKit/537.36 (KHTML, like Gecko) Chrome/74.0.3724.8 Safari/537.36', 1, 0, 5, 1556283191, 1556283191);
INSERT INTO `user_log` VALUES (121, 1, 'http://127.0.0.1:8082/login', 'http://www.firefly.test/api/user/login', 'user', '登录成功', '127.0.0.1', '中国--湖北省-武汉市-电信', 'Mozilla/5.0 (Windows NT 10.0; Win64; x64) AppleWebKit/537.36 (KHTML, like Gecko) Chrome/74.0.3724.8 Safari/537.36', 1, 0, 4, 1556283418, 1556283418);
INSERT INTO `user_log` VALUES (122, 1, 'http://127.0.0.1:8082/personal', 'http://www.firefly.test/api/user/changebase', 'user', '(user1)修改基本资料成功', '127.0.0.1', '中国--湖北省-武汉市-电信', 'Mozilla/5.0 (Windows NT 10.0; Win64; x64) AppleWebKit/537.36 (KHTML, like Gecko) Chrome/74.0.3724.8 Safari/537.36', 1, 0, 2, 1556283447, 1556283447);
INSERT INTO `user_log` VALUES (123, 1, 'http://127.0.0.1:8082/message', 'http://www.firefly.test/api/user/logout', 'user', '退出成功', '127.0.0.1', '中国--湖北省-武汉市-电信', 'Mozilla/5.0 (Windows NT 10.0; Win64; x64) AppleWebKit/537.36 (KHTML, like Gecko) Chrome/74.0.3724.8 Safari/537.36', 1, 0, 5, 1556292569, 1556292569);
INSERT INTO `user_log` VALUES (124, 1, 'http://127.0.0.1:8082/login', 'http://www.firefly.test/api/user/login', 'user', '登录成功', '127.0.0.1', '中国--湖北省-武汉市-电信', 'Mozilla/5.0 (Windows NT 10.0; Win64; x64) AppleWebKit/537.36 (KHTML, like Gecko) Chrome/74.0.3724.8 Safari/537.36', 1, 0, 4, 1556292576, 1556292576);
INSERT INTO `user_log` VALUES (125, 1, 'http://127.0.0.1:8082/personal', 'http://www.firefly.test/api/user/changebase', 'user', '(user1)修改基本资料成功', '127.0.0.1', '中国--湖北省-武汉市-电信', 'Mozilla/5.0 (Windows NT 10.0; Win64; x64) AppleWebKit/537.36 (KHTML, like Gecko) Chrome/74.0.3724.8 Safari/537.36', 1, 0, 2, 1556293002, 1556293002);
INSERT INTO `user_log` VALUES (126, 1, 'http://127.0.0.1:8082/personal', 'http://www.firefly.test/api/user/changebase', 'user', '(user1)修改基本资料成功', '127.0.0.1', '中国--湖北省-武汉市-电信', 'Mozilla/5.0 (Windows NT 10.0; Win64; x64) AppleWebKit/537.36 (KHTML, like Gecko) Chrome/74.0.3724.8 Safari/537.36', 1, 0, 2, 1556293020, 1556293020);
INSERT INTO `user_log` VALUES (127, 1, 'http://127.0.0.1:8082/home', 'http://www.firefly.test/api/user/logout', 'user', '退出成功', '127.0.0.1', '中国--湖北省-武汉市-电信', 'Mozilla/5.0 (Windows NT 10.0; Win64; x64) AppleWebKit/537.36 (KHTML, like Gecko) Chrome/74.0.3724.8 Safari/537.36', 1, 0, 5, 1556294409, 1556294409);
INSERT INTO `user_log` VALUES (135, 8, 'http://127.0.0.1:8082/personal', 'http://www.firefly.test/api/user/logout', 'user', '退出成功', '127.0.0.1', '中国--湖北省-武汉市-电信', 'Mozilla/5.0 (Windows NT 10.0; Win64; x64) AppleWebKit/537.36 (KHTML, like Gecko) Chrome/74.0.3724.8 Safari/537.36', 1, 0, 5, 1556325920, 1556325920);
INSERT INTO `user_log` VALUES (136, 1, 'http://127.0.0.1:8082/login', 'http://www.firefly.test/api/user/login', 'user', '登录成功', '127.0.0.1', '中国--湖北省-武汉市-电信', 'Mozilla/5.0 (Windows NT 10.0; Win64; x64) AppleWebKit/537.36 (KHTML, like Gecko) Chrome/74.0.3724.8 Safari/537.36', 1, 0, 4, 1556325926, 1556325926);
INSERT INTO `user_log` VALUES (137, 1, 'http://127.0.0.1:8082/personal', 'http://www.firefly.test/api/user/upavatar', 'user_attachment', '上传成功!', '127.0.0.1', '中国--湖北省-武汉市-电信', 'Mozilla/5.0 (Windows NT 10.0; Win64; x64) AppleWebKit/537.36 (KHTML, like Gecko) Chrome/74.0.3724.8 Safari/537.36', 1, 0, 7, 1556335123, 1556335123);
INSERT INTO `user_log` VALUES (138, 1, 'http://127.0.0.1:8082/personal', 'http://www.firefly.test/api/user/upavatar', 'user', '(user1)修改头像成功', '127.0.0.1', '中国--湖北省-武汉市-电信', 'Mozilla/5.0 (Windows NT 10.0; Win64; x64) AppleWebKit/537.36 (KHTML, like Gecko) Chrome/74.0.3724.8 Safari/537.36', 1, 0, 2, 1556335123, 1556335123);
INSERT INTO `user_log` VALUES (139, 1, 'http://127.0.0.1:8082/personal', 'http://www.firefly.test/api/user/changebase', 'user', '(user1)修改基本资料成功', '127.0.0.1', '中国--湖北省-武汉市-电信', 'Mozilla/5.0 (Windows NT 10.0; Win64; x64) AppleWebKit/537.36 (KHTML, like Gecko) Chrome/74.0.3724.8 Safari/537.36', 1, 0, 2, 1556335165, 1556335165);
INSERT INTO `user_log` VALUES (140, 1, 'http://127.0.0.1:8082/personal', 'http://www.firefly.test/api/user/changebase', 'user', '(user1)修改基本资料成功', '127.0.0.1', '中国--湖北省-武汉市-电信', 'Mozilla/5.0 (Windows NT 10.0; Win64; x64) AppleWebKit/537.36 (KHTML, like Gecko) Chrome/74.0.3724.8 Safari/537.36', 1, 0, 2, 1556335300, 1556335300);
INSERT INTO `user_log` VALUES (141, 1, 'http://127.0.0.1:8082/personal', 'http://www.firefly.test/api/user/upavatar', 'user_attachment', '上传成功!', '127.0.0.1', '中国--湖北省-武汉市-电信', 'Mozilla/5.0 (Windows NT 10.0; Win64; x64) AppleWebKit/537.36 (KHTML, like Gecko) Chrome/74.0.3724.8 Safari/537.36', 1, 0, 7, 1556335557, 1556335557);
INSERT INTO `user_log` VALUES (142, 1, 'http://127.0.0.1:8082/personal', 'http://www.firefly.test/api/user/upavatar', 'user', '(user1)修改头像成功', '127.0.0.1', '中国--湖北省-武汉市-电信', 'Mozilla/5.0 (Windows NT 10.0; Win64; x64) AppleWebKit/537.36 (KHTML, like Gecko) Chrome/74.0.3724.8 Safari/537.36', 1, 0, 2, 1556335558, 1556335558);
INSERT INTO `user_log` VALUES (143, 1, 'http://127.0.0.1:8082/home', 'http://www.firefly.test/api/file/create_folder', 'folder', '(user1)创建文件夹成功', '127.0.0.1', '中国--湖北省-武汉市-电信', 'Mozilla/5.0 (Windows NT 10.0; Win64; x64) AppleWebKit/537.36 (KHTML, like Gecko) Chrome/74.0.3724.8 Safari/537.36', 1, 0, 1, 1556348806, 1556348806);
INSERT INTO `user_log` VALUES (144, 1, 'http://127.0.0.1:8082/home', 'http://www.firefly.test/api/file/create_folder', 'folder', '(user1)创建文件夹成功', '127.0.0.1', '中国--湖北省-武汉市-电信', 'Mozilla/5.0 (Windows NT 10.0; Win64; x64) AppleWebKit/537.36 (KHTML, like Gecko) Chrome/74.0.3724.8 Safari/537.36', 1, 0, 1, 1556348894, 1556348894);
INSERT INTO `user_log` VALUES (145, 1, 'http://127.0.0.1:8082/home', 'http://www.firefly.test/api/file/create_folder', 'folder', '(user1)创建文件夹成功', '127.0.0.1', '中国--湖北省-武汉市-电信', 'Mozilla/5.0 (Windows NT 10.0; Win64; x64) AppleWebKit/537.36 (KHTML, like Gecko) Chrome/74.0.3724.8 Safari/537.36', 1, 0, 1, 1556348940, 1556348940);
INSERT INTO `user_log` VALUES (146, 1, 'http://127.0.0.1:8082/home', 'http://www.firefly.test/api/file/create_folder', 'folder', '(user1)创建文件夹成功', '127.0.0.1', '中国--湖北省-武汉市-电信', 'Mozilla/5.0 (Windows NT 10.0; Win64; x64) AppleWebKit/537.36 (KHTML, like Gecko) Chrome/74.0.3724.8 Safari/537.36', 1, 0, 1, 1556349882, 1556349882);
INSERT INTO `user_log` VALUES (147, 1, 'http://127.0.0.1:8082/home', 'http://www.firefly.test/api/file/create_folder', 'folder', '(user1)创建文件夹成功', '127.0.0.1', '中国--湖北省-武汉市-电信', 'Mozilla/5.0 (Windows NT 10.0; Win64; x64) AppleWebKit/537.36 (KHTML, like Gecko) Chrome/74.0.3724.8 Safari/537.36', 1, 0, 1, 1556350999, 1556350999);
INSERT INTO `user_log` VALUES (148, 1, 'http://127.0.0.1:8082/home', 'http://www.firefly.test/api/file/create_folder', 'folder', '(user1)创建文件夹成功', '127.0.0.1', '中国--湖北省-武汉市-电信', 'Mozilla/5.0 (Windows NT 10.0; Win64; x64) AppleWebKit/537.36 (KHTML, like Gecko) Chrome/74.0.3724.8 Safari/537.36', 1, 0, 1, 1556352258, 1556352258);
INSERT INTO `user_log` VALUES (149, 1, 'http://127.0.0.1:8082/login', 'http://www.firefly.test/api/user/login', 'user', '登录成功', '127.0.0.1', '中国--湖北省-武汉市-电信', 'Mozilla/5.0 (Windows NT 10.0; Win64; x64) AppleWebKit/537.36 (KHTML, like Gecko) Chrome/74.0.3724.8 Safari/537.36', 1, 0, 4, 1556361561, 1556361561);
INSERT INTO `user_log` VALUES (150, 1, 'http://127.0.0.1:8082/home', 'http://www.firefly.test/api/file/up_file', 'user_attachment', '上传成功!', '127.0.0.1', '中国--湖北省-武汉市-电信', 'Mozilla/5.0 (Windows NT 10.0; Win64; x64) AppleWebKit/537.36 (KHTML, like Gecko) Chrome/74.0.3724.8 Safari/537.36', 1, 0, 7, 1556376640, 1556376640);
INSERT INTO `user_log` VALUES (151, 1, 'http://127.0.0.1:8082/home', 'http://www.firefly.test/api/file/up_file', 'user_attachment', '上传成功!', '127.0.0.1', '中国--湖北省-武汉市-电信', 'Mozilla/5.0 (Windows NT 10.0; Win64; x64) AppleWebKit/537.36 (KHTML, like Gecko) Chrome/74.0.3724.8 Safari/537.36', 1, 0, 7, 1556376689, 1556376689);
INSERT INTO `user_log` VALUES (152, 1, 'http://127.0.0.1:8082/home', 'http://www.firefly.test/api/file/up_file', 'user_attachment', '上传成功!', '127.0.0.1', '中国--湖北省-武汉市-电信', 'Mozilla/5.0 (Windows NT 10.0; Win64; x64) AppleWebKit/537.36 (KHTML, like Gecko) Chrome/74.0.3724.8 Safari/537.36', 1, 0, 7, 1556376708, 1556376708);
INSERT INTO `user_log` VALUES (153, 1, 'http://127.0.0.1:8082/home', 'http://www.firefly.test/api/file/up_file', 'user_attachment', '上传成功!', '127.0.0.1', '中国--湖北省-武汉市-电信', 'Mozilla/5.0 (Windows NT 10.0; Win64; x64) AppleWebKit/537.36 (KHTML, like Gecko) Chrome/74.0.3724.8 Safari/537.36', 1, 0, 7, 1556376833, 1556376833);
INSERT INTO `user_log` VALUES (154, 1, 'http://127.0.0.1:8082/home', 'http://www.firefly.test/api/file/up_file', 'user', '(user1)上传文件成功', '127.0.0.1', '中国--湖北省-武汉市-电信', 'Mozilla/5.0 (Windows NT 10.0; Win64; x64) AppleWebKit/537.36 (KHTML, like Gecko) Chrome/74.0.3724.8 Safari/537.36', 1, 0, 2, 1556376833, 1556376833);
INSERT INTO `user_log` VALUES (155, 1, 'http://127.0.0.1:8082/home', 'http://www.firefly.test/api/file/up_file', 'user_attachment', '上传成功!', '127.0.0.1', '中国--湖北省-武汉市-电信', 'Mozilla/5.0 (Windows NT 10.0; Win64; x64) AppleWebKit/537.36 (KHTML, like Gecko) Chrome/74.0.3724.8 Safari/537.36', 1, 0, 7, 1556376892, 1556376892);
INSERT INTO `user_log` VALUES (156, 1, 'http://127.0.0.1:8082/home', 'http://www.firefly.test/api/file/up_file', 'user', '(user1)上传文件成功', '127.0.0.1', '中国--湖北省-武汉市-电信', 'Mozilla/5.0 (Windows NT 10.0; Win64; x64) AppleWebKit/537.36 (KHTML, like Gecko) Chrome/74.0.3724.8 Safari/537.36', 1, 0, 2, 1556376892, 1556376892);
INSERT INTO `user_log` VALUES (157, 1, 'http://127.0.0.1:8082/home', 'http://www.firefly.test/api/file/up_file', 'file', '上传成功!', '127.0.0.1', '中国--湖北省-武汉市-电信', 'Mozilla/5.0 (Windows NT 10.0; Win64; x64) AppleWebKit/537.36 (KHTML, like Gecko) Chrome/74.0.3724.8 Safari/537.36', 1, 0, 7, 1556377028, 1556377028);
INSERT INTO `user_log` VALUES (158, 1, 'http://127.0.0.1:8082/home', 'http://www.firefly.test/api/file/up_file', 'user', '(user1)上传文件成功', '127.0.0.1', '中国--湖北省-武汉市-电信', 'Mozilla/5.0 (Windows NT 10.0; Win64; x64) AppleWebKit/537.36 (KHTML, like Gecko) Chrome/74.0.3724.8 Safari/537.36', 1, 0, 2, 1556377028, 1556377028);
INSERT INTO `user_log` VALUES (159, 1, 'http://127.0.0.1:8082/home', 'http://www.firefly.test/api/file/up_file', 'file', '上传成功!', '127.0.0.1', '中国--湖北省-武汉市-电信', 'Mozilla/5.0 (Windows NT 10.0; Win64; x64) AppleWebKit/537.36 (KHTML, like Gecko) Chrome/74.0.3724.8 Safari/537.36', 1, 0, 7, 1556377068, 1556377068);
INSERT INTO `user_log` VALUES (160, 1, 'http://127.0.0.1:8082/home', 'http://www.firefly.test/api/file/up_file', 'user', '(user1)上传文件成功', '127.0.0.1', '中国--湖北省-武汉市-电信', 'Mozilla/5.0 (Windows NT 10.0; Win64; x64) AppleWebKit/537.36 (KHTML, like Gecko) Chrome/74.0.3724.8 Safari/537.36', 1, 0, 2, 1556377068, 1556377068);
INSERT INTO `user_log` VALUES (161, 1, 'http://127.0.0.1:8082/home', 'http://www.firefly.test/api/file/up_file', 'file', '上传成功!', '127.0.0.1', '中国--湖北省-武汉市-电信', 'Mozilla/5.0 (Windows NT 10.0; Win64; x64) AppleWebKit/537.36 (KHTML, like Gecko) Chrome/74.0.3724.8 Safari/537.36', 1, 0, 7, 1556377118, 1556377118);
INSERT INTO `user_log` VALUES (162, 1, 'http://127.0.0.1:8082/home', 'http://www.firefly.test/api/file/up_file', 'user', '(user1)上传文件成功', '127.0.0.1', '中国--湖北省-武汉市-电信', 'Mozilla/5.0 (Windows NT 10.0; Win64; x64) AppleWebKit/537.36 (KHTML, like Gecko) Chrome/74.0.3724.8 Safari/537.36', 1, 0, 2, 1556377118, 1556377118);
INSERT INTO `user_log` VALUES (163, 1, 'http://127.0.0.1:8082/home', 'http://www.firefly.test/api/file/up_file', 'file', '上传成功!', '127.0.0.1', '中国--湖北省-武汉市-电信', 'Mozilla/5.0 (Windows NT 10.0; Win64; x64) AppleWebKit/537.36 (KHTML, like Gecko) Chrome/74.0.3724.8 Safari/537.36', 1, 0, 7, 1556378953, 1556378953);
INSERT INTO `user_log` VALUES (164, 1, 'http://127.0.0.1:8082/home', 'http://www.firefly.test/api/file/up_file', 'user', '(user1)上传文件成功', '127.0.0.1', '中国--湖北省-武汉市-电信', 'Mozilla/5.0 (Windows NT 10.0; Win64; x64) AppleWebKit/537.36 (KHTML, like Gecko) Chrome/74.0.3724.8 Safari/537.36', 1, 0, 2, 1556378953, 1556378953);
INSERT INTO `user_log` VALUES (165, 1, 'http://127.0.0.1:8082/home', 'http://www.firefly.test/api/file/up_file', 'file', '上传成功!', '127.0.0.1', '中国--湖北省-武汉市-电信', 'Mozilla/5.0 (Windows NT 10.0; Win64; x64) AppleWebKit/537.36 (KHTML, like Gecko) Chrome/74.0.3724.8 Safari/537.36', 1, 0, 7, 1556379050, 1556379050);
INSERT INTO `user_log` VALUES (166, 1, 'http://127.0.0.1:8082/home', 'http://www.firefly.test/api/file/up_file', 'user', '(user1)上传文件成功', '127.0.0.1', '中国--湖北省-武汉市-电信', 'Mozilla/5.0 (Windows NT 10.0; Win64; x64) AppleWebKit/537.36 (KHTML, like Gecko) Chrome/74.0.3724.8 Safari/537.36', 1, 0, 2, 1556379050, 1556379050);
INSERT INTO `user_log` VALUES (167, 1, 'http://127.0.0.1:8082/home', 'http://www.firefly.test/api/user/logout', 'user', '退出成功', '127.0.0.1', '中国--湖北省-武汉市-电信', 'Mozilla/5.0 (Windows NT 10.0; Win64; x64) AppleWebKit/537.36 (KHTML, like Gecko) Chrome/74.0.3724.8 Safari/537.36', 1, 0, 5, 1556379130, 1556379130);
INSERT INTO `user_log` VALUES (168, 1, 'http://127.0.0.1:8082/login', 'http://www.firefly.test/api/user/login', 'user', '登录成功', '127.0.0.1', '中国--湖北省-武汉市-电信', 'Mozilla/5.0 (Windows NT 10.0; Win64; x64) AppleWebKit/537.36 (KHTML, like Gecko) Chrome/74.0.3724.8 Safari/537.36', 1, 0, 4, 1556379214, 1556379214);
INSERT INTO `user_log` VALUES (169, 1, 'http://127.0.0.1:8082/home', 'http://www.firefly.test/api/file/checkmd5', 'user', '(user1)上传文件成功', '127.0.0.1', '中国--湖北省-武汉市-电信', 'Mozilla/5.0 (Windows NT 10.0; Win64; x64) AppleWebKit/537.36 (KHTML, like Gecko) Chrome/74.0.3724.8 Safari/537.36', 1, 0, 2, 1556379385, 1556379385);
INSERT INTO `user_log` VALUES (170, 1, 'http://127.0.0.1:8082/home', 'http://www.firefly.test/api/file/checkmd5', 'user', '(user1)上传文件成功', '127.0.0.1', '中国--湖北省-武汉市-电信', 'Mozilla/5.0 (Windows NT 10.0; Win64; x64) AppleWebKit/537.36 (KHTML, like Gecko) Chrome/74.0.3724.8 Safari/537.36', 1, 0, 2, 1556379440, 1556379440);
INSERT INTO `user_log` VALUES (171, 1, 'http://127.0.0.1:8082/home', 'http://www.firefly.test/api/user/logout', 'user', '退出成功', '127.0.0.1', '中国--湖北省-武汉市-电信', 'Mozilla/5.0 (Windows NT 10.0; Win64; x64) AppleWebKit/537.36 (KHTML, like Gecko) Chrome/74.0.3724.8 Safari/537.36', 1, 0, 5, 1556379524, 1556379524);
INSERT INTO `user_log` VALUES (172, 1, 'http://127.0.0.1:8082/login', 'http://www.firefly.test/api/user/login', 'user', '登录成功', '127.0.0.1', '中国--湖北省-武汉市-电信', 'Mozilla/5.0 (Windows NT 10.0; Win64; x64) AppleWebKit/537.36 (KHTML, like Gecko) Chrome/74.0.3724.8 Safari/537.36', 1, 0, 4, 1556379532, 1556379532);
INSERT INTO `user_log` VALUES (173, 1, 'http://127.0.0.1:8082/home', 'http://www.firefly.test/api/file/checkmd5', 'user', '(user1)上传文件成功', '127.0.0.1', '中国--湖北省-武汉市-电信', 'Mozilla/5.0 (Windows NT 10.0; Win64; x64) AppleWebKit/537.36 (KHTML, like Gecko) Chrome/74.0.3724.8 Safari/537.36', 1, 0, 2, 1556379561, 1556379561);
INSERT INTO `user_log` VALUES (174, 1, 'http://127.0.0.1:8082/home', 'http://www.firefly.test/api/file/checkmd5', 'user', '(user1)上传文件成功', '127.0.0.1', '中国--湖北省-武汉市-电信', 'Mozilla/5.0 (Windows NT 10.0; Win64; x64) AppleWebKit/537.36 (KHTML, like Gecko) Chrome/74.0.3724.8 Safari/537.36', 1, 0, 2, 1556379702, 1556379702);
INSERT INTO `user_log` VALUES (175, 1, 'http://127.0.0.1:8082/home', 'http://www.firefly.test/api/file/checkmd5', 'user', '(user1)上传文件成功', '127.0.0.1', '中国--湖北省-武汉市-电信', 'Mozilla/5.0 (Windows NT 10.0; Win64; x64) AppleWebKit/537.36 (KHTML, like Gecko) Chrome/74.0.3724.8 Safari/537.36', 1, 0, 2, 1556379808, 1556379808);
INSERT INTO `user_log` VALUES (176, 1, 'http://127.0.0.1:8082/home', 'http://www.firefly.test/api/file/up_file', 'file', '上传成功!', '127.0.0.1', '中国--湖北省-武汉市-电信', 'Mozilla/5.0 (Windows NT 10.0; Win64; x64) AppleWebKit/537.36 (KHTML, like Gecko) Chrome/74.0.3724.8 Safari/537.36', 1, 0, 7, 1556379896, 1556379896);
INSERT INTO `user_log` VALUES (177, 1, 'http://127.0.0.1:8082/home', 'http://www.firefly.test/api/file/up_file', 'user', '(user1)上传文件成功', '127.0.0.1', '中国--湖北省-武汉市-电信', 'Mozilla/5.0 (Windows NT 10.0; Win64; x64) AppleWebKit/537.36 (KHTML, like Gecko) Chrome/74.0.3724.8 Safari/537.36', 1, 0, 2, 1556379896, 1556379896);
INSERT INTO `user_log` VALUES (178, 1, 'http://127.0.0.1:8082/home', 'http://www.firefly.test/api/file/up_file', 'file', '上传成功!', '127.0.0.1', '中国--湖北省-武汉市-电信', 'Mozilla/5.0 (Windows NT 10.0; Win64; x64) AppleWebKit/537.36 (KHTML, like Gecko) Chrome/74.0.3724.8 Safari/537.36', 1, 0, 7, 1556380053, 1556380053);
INSERT INTO `user_log` VALUES (179, 1, 'http://127.0.0.1:8082/home', 'http://www.firefly.test/api/file/up_file', 'user', '(user1)上传文件成功', '127.0.0.1', '中国--湖北省-武汉市-电信', 'Mozilla/5.0 (Windows NT 10.0; Win64; x64) AppleWebKit/537.36 (KHTML, like Gecko) Chrome/74.0.3724.8 Safari/537.36', 1, 0, 2, 1556380053, 1556380053);
INSERT INTO `user_log` VALUES (180, 1, 'http://127.0.0.1:8082/home', 'http://www.firefly.test/api/file/up_file', 'file', '上传成功!', '127.0.0.1', '中国--湖北省-武汉市-电信', 'Mozilla/5.0 (Windows NT 10.0; Win64; x64) AppleWebKit/537.36 (KHTML, like Gecko) Chrome/74.0.3724.8 Safari/537.36', 1, 0, 7, 1556380238, 1556380238);
INSERT INTO `user_log` VALUES (181, 1, 'http://127.0.0.1:8082/home', 'http://www.firefly.test/api/file/up_file', 'user', '(user1)上传文件成功', '127.0.0.1', '中国--湖北省-武汉市-电信', 'Mozilla/5.0 (Windows NT 10.0; Win64; x64) AppleWebKit/537.36 (KHTML, like Gecko) Chrome/74.0.3724.8 Safari/537.36', 1, 0, 2, 1556380238, 1556380238);
INSERT INTO `user_log` VALUES (182, 1, 'http://127.0.0.1:8082/home', 'http://www.firefly.test/api/file/up_file', 'file', '上传成功!', '127.0.0.1', '中国--湖北省-武汉市-电信', 'Mozilla/5.0 (Windows NT 10.0; Win64; x64) AppleWebKit/537.36 (KHTML, like Gecko) Chrome/74.0.3724.8 Safari/537.36', 1, 0, 7, 1556380505, 1556380505);
INSERT INTO `user_log` VALUES (183, 1, 'http://127.0.0.1:8082/home', 'http://www.firefly.test/api/file/up_file', 'user', '(user1)上传文件成功', '127.0.0.1', '中国--湖北省-武汉市-电信', 'Mozilla/5.0 (Windows NT 10.0; Win64; x64) AppleWebKit/537.36 (KHTML, like Gecko) Chrome/74.0.3724.8 Safari/537.36', 1, 0, 2, 1556380506, 1556380506);
INSERT INTO `user_log` VALUES (184, 1, 'http://127.0.0.1:8082/home', 'http://www.firefly.test/api/file/up_file', 'file', '上传成功!', '127.0.0.1', '中国--湖北省-武汉市-电信', 'Mozilla/5.0 (Windows NT 10.0; Win64; x64) AppleWebKit/537.36 (KHTML, like Gecko) Chrome/74.0.3724.8 Safari/537.36', 1, 0, 7, 1556380557, 1556380557);
INSERT INTO `user_log` VALUES (185, 1, 'http://127.0.0.1:8082/home', 'http://www.firefly.test/api/file/up_file', 'user', '(user1)上传文件成功', '127.0.0.1', '中国--湖北省-武汉市-电信', 'Mozilla/5.0 (Windows NT 10.0; Win64; x64) AppleWebKit/537.36 (KHTML, like Gecko) Chrome/74.0.3724.8 Safari/537.36', 1, 0, 2, 1556380557, 1556380557);
INSERT INTO `user_log` VALUES (186, 1, 'http://127.0.0.1:8082/home', 'http://www.firefly.test/api/file/up_file', 'file', '上传成功!', '127.0.0.1', '中国--湖北省-武汉市-电信', 'Mozilla/5.0 (Windows NT 10.0; Win64; x64) AppleWebKit/537.36 (KHTML, like Gecko) Chrome/74.0.3724.8 Safari/537.36', 1, 0, 7, 1556380696, 1556380696);
INSERT INTO `user_log` VALUES (187, 1, 'http://127.0.0.1:8082/home', 'http://www.firefly.test/api/file/up_file', 'user', '(user1)上传文件成功', '127.0.0.1', '中国--湖北省-武汉市-电信', 'Mozilla/5.0 (Windows NT 10.0; Win64; x64) AppleWebKit/537.36 (KHTML, like Gecko) Chrome/74.0.3724.8 Safari/537.36', 1, 0, 2, 1556380696, 1556380696);
INSERT INTO `user_log` VALUES (188, 1, 'http://127.0.0.1:8082/home', 'http://www.firefly.test/api/file/up_file', 'file', '上传成功!', '127.0.0.1', '中国--湖北省-武汉市-电信', 'Mozilla/5.0 (Windows NT 10.0; Win64; x64) AppleWebKit/537.36 (KHTML, like Gecko) Chrome/74.0.3724.8 Safari/537.36', 1, 0, 7, 1556380856, 1556380856);
INSERT INTO `user_log` VALUES (189, 1, 'http://127.0.0.1:8082/home', 'http://www.firefly.test/api/file/up_file', 'user', '(user1)上传文件成功', '127.0.0.1', '中国--湖北省-武汉市-电信', 'Mozilla/5.0 (Windows NT 10.0; Win64; x64) AppleWebKit/537.36 (KHTML, like Gecko) Chrome/74.0.3724.8 Safari/537.36', 1, 0, 2, 1556380856, 1556380856);
INSERT INTO `user_log` VALUES (190, 1, 'http://127.0.0.1:8082/home', 'http://www.firefly.test/api/file/up_file', 'file', '上传成功!', '127.0.0.1', '中国--湖北省-武汉市-电信', 'Mozilla/5.0 (Windows NT 10.0; Win64; x64) AppleWebKit/537.36 (KHTML, like Gecko) Chrome/74.0.3724.8 Safari/537.36', 1, 0, 7, 1556380937, 1556380937);
INSERT INTO `user_log` VALUES (191, 1, 'http://127.0.0.1:8082/home', 'http://www.firefly.test/api/file/up_file', 'user', '(user1)上传文件成功', '127.0.0.1', '中国--湖北省-武汉市-电信', 'Mozilla/5.0 (Windows NT 10.0; Win64; x64) AppleWebKit/537.36 (KHTML, like Gecko) Chrome/74.0.3724.8 Safari/537.36', 1, 0, 2, 1556380937, 1556380937);
INSERT INTO `user_log` VALUES (192, 1, 'http://127.0.0.1:8082/home', 'http://www.firefly.test/api/file/up_file', 'file', '上传成功!', '127.0.0.1', '', 'Mozilla/5.0 (Windows NT 10.0; Win64; x64) AppleWebKit/537.36 (KHTML, like Gecko) Chrome/74.0.3724.8 Safari/537.36', 1, 0, 7, 1556381317, 1556381317);
INSERT INTO `user_log` VALUES (193, 1, 'http://127.0.0.1:8082/home', 'http://www.firefly.test/api/file/up_file', 'user', '(user1)上传文件成功', '127.0.0.1', '', 'Mozilla/5.0 (Windows NT 10.0; Win64; x64) AppleWebKit/537.36 (KHTML, like Gecko) Chrome/74.0.3724.8 Safari/537.36', 1, 0, 2, 1556381317, 1556381317);
INSERT INTO `user_log` VALUES (194, 1, 'http://127.0.0.1:8082/home', 'http://www.firefly.test/api/file/up_file', 'file', '上传成功!', '127.0.0.1', '', 'Mozilla/5.0 (Windows NT 10.0; Win64; x64) AppleWebKit/537.36 (KHTML, like Gecko) Chrome/74.0.3724.8 Safari/537.36', 1, 0, 7, 1556381367, 1556381367);
INSERT INTO `user_log` VALUES (195, 1, 'http://127.0.0.1:8082/home', 'http://www.firefly.test/api/file/up_file', 'user', '(user1)上传文件成功', '127.0.0.1', '', 'Mozilla/5.0 (Windows NT 10.0; Win64; x64) AppleWebKit/537.36 (KHTML, like Gecko) Chrome/74.0.3724.8 Safari/537.36', 1, 0, 2, 1556381367, 1556381367);
INSERT INTO `user_log` VALUES (196, 1, 'http://127.0.0.1:8082/home', 'http://www.firefly.test/api/file/up_file', 'file', '上传成功!', '127.0.0.1', '', 'Mozilla/5.0 (Windows NT 10.0; Win64; x64) AppleWebKit/537.36 (KHTML, like Gecko) Chrome/74.0.3724.8 Safari/537.36', 1, 0, 7, 1556381479, 1556381479);
INSERT INTO `user_log` VALUES (197, 1, 'http://127.0.0.1:8082/home', 'http://www.firefly.test/api/file/up_file', 'user', '(user1)上传文件成功', '127.0.0.1', '', 'Mozilla/5.0 (Windows NT 10.0; Win64; x64) AppleWebKit/537.36 (KHTML, like Gecko) Chrome/74.0.3724.8 Safari/537.36', 1, 0, 2, 1556381479, 1556381479);
INSERT INTO `user_log` VALUES (198, 1, 'http://127.0.0.1:8082/home', 'http://www.firefly.test/api/file/up_file', 'file', '上传成功!', '127.0.0.1', '', 'Mozilla/5.0 (Windows NT 10.0; Win64; x64) AppleWebKit/537.36 (KHTML, like Gecko) Chrome/74.0.3724.8 Safari/537.36', 1, 0, 7, 1556381629, 1556381629);
INSERT INTO `user_log` VALUES (199, 1, 'http://127.0.0.1:8082/home', 'http://www.firefly.test/api/file/up_file', 'user', '(user1)上传文件成功', '127.0.0.1', '', 'Mozilla/5.0 (Windows NT 10.0; Win64; x64) AppleWebKit/537.36 (KHTML, like Gecko) Chrome/74.0.3724.8 Safari/537.36', 1, 0, 2, 1556381630, 1556381630);
INSERT INTO `user_log` VALUES (200, 1, 'http://127.0.0.1:8082/home', 'http://www.firefly.test/api/file/up_file', 'file', '上传成功!', '127.0.0.1', '', 'Mozilla/5.0 (Windows NT 10.0; Win64; x64) AppleWebKit/537.36 (KHTML, like Gecko) Chrome/74.0.3724.8 Safari/537.36', 1, 0, 7, 1556381654, 1556381654);
INSERT INTO `user_log` VALUES (201, 1, 'http://127.0.0.1:8082/home', 'http://www.firefly.test/api/file/up_file', 'user', '(user1)上传文件成功', '127.0.0.1', '', 'Mozilla/5.0 (Windows NT 10.0; Win64; x64) AppleWebKit/537.36 (KHTML, like Gecko) Chrome/74.0.3724.8 Safari/537.36', 1, 0, 2, 1556381654, 1556381654);
INSERT INTO `user_log` VALUES (202, 1, 'http://127.0.0.1:8082/home', 'http://www.firefly.test/api/file/up_file', 'file', '上传成功!', '127.0.0.1', '', 'Mozilla/5.0 (Windows NT 10.0; Win64; x64) AppleWebKit/537.36 (KHTML, like Gecko) Chrome/74.0.3724.8 Safari/537.36', 1, 0, 7, 1556381687, 1556381687);
INSERT INTO `user_log` VALUES (203, 1, 'http://127.0.0.1:8082/home', 'http://www.firefly.test/api/file/up_file', 'user', '(user1)上传文件成功', '127.0.0.1', '', 'Mozilla/5.0 (Windows NT 10.0; Win64; x64) AppleWebKit/537.36 (KHTML, like Gecko) Chrome/74.0.3724.8 Safari/537.36', 1, 0, 2, 1556381687, 1556381687);
INSERT INTO `user_log` VALUES (204, 1, 'http://127.0.0.1:8082/home', 'http://www.firefly.test/api/file/up_file', 'file', '上传成功!', '127.0.0.1', '', 'Mozilla/5.0 (Windows NT 10.0; Win64; x64) AppleWebKit/537.36 (KHTML, like Gecko) Chrome/74.0.3724.8 Safari/537.36', 1, 0, 7, 1556381746, 1556381746);
INSERT INTO `user_log` VALUES (205, 1, 'http://127.0.0.1:8082/home', 'http://www.firefly.test/api/file/up_file', 'user', '(user1)上传文件成功', '127.0.0.1', '', 'Mozilla/5.0 (Windows NT 10.0; Win64; x64) AppleWebKit/537.36 (KHTML, like Gecko) Chrome/74.0.3724.8 Safari/537.36', 1, 0, 2, 1556381746, 1556381746);
INSERT INTO `user_log` VALUES (206, 1, 'http://127.0.0.1:8082/home', 'http://www.firefly.test/api/file/up_file', 'file', '上传成功!', '127.0.0.1', '', 'Mozilla/5.0 (Windows NT 10.0; Win64; x64) AppleWebKit/537.36 (KHTML, like Gecko) Chrome/74.0.3724.8 Safari/537.36', 1, 0, 7, 1556382004, 1556382004);
INSERT INTO `user_log` VALUES (207, 1, 'http://127.0.0.1:8082/home', 'http://www.firefly.test/api/file/up_file', 'user', '(user1)上传文件成功', '127.0.0.1', '', 'Mozilla/5.0 (Windows NT 10.0; Win64; x64) AppleWebKit/537.36 (KHTML, like Gecko) Chrome/74.0.3724.8 Safari/537.36', 1, 0, 2, 1556382004, 1556382004);
INSERT INTO `user_log` VALUES (208, 1, 'http://127.0.0.1:8082/home', 'http://www.firefly.test/api/file/up_file', 'file', '上传成功!', '127.0.0.1', '', 'Mozilla/5.0 (Windows NT 10.0; Win64; x64) AppleWebKit/537.36 (KHTML, like Gecko) Chrome/74.0.3724.8 Safari/537.36', 1, 0, 7, 1556382072, 1556382072);
INSERT INTO `user_log` VALUES (209, 1, 'http://127.0.0.1:8082/home', 'http://www.firefly.test/api/file/up_file', 'user', '(user1)上传文件成功', '127.0.0.1', '', 'Mozilla/5.0 (Windows NT 10.0; Win64; x64) AppleWebKit/537.36 (KHTML, like Gecko) Chrome/74.0.3724.8 Safari/537.36', 1, 0, 2, 1556382072, 1556382072);
INSERT INTO `user_log` VALUES (210, 1, 'http://127.0.0.1:8082/home', 'http://www.firefly.test/api/file/up_file', 'file', '上传成功!', '127.0.0.1', '', 'Mozilla/5.0 (Windows NT 10.0; Win64; x64) AppleWebKit/537.36 (KHTML, like Gecko) Chrome/74.0.3724.8 Safari/537.36', 1, 0, 7, 1556382223, 1556382223);
INSERT INTO `user_log` VALUES (211, 1, 'http://127.0.0.1:8082/home', 'http://www.firefly.test/api/file/up_file', 'user', '(user1)上传文件成功', '127.0.0.1', '', 'Mozilla/5.0 (Windows NT 10.0; Win64; x64) AppleWebKit/537.36 (KHTML, like Gecko) Chrome/74.0.3724.8 Safari/537.36', 1, 0, 2, 1556382223, 1556382223);
INSERT INTO `user_log` VALUES (212, 1, 'http://127.0.0.1:8082/home', 'http://www.firefly.test/api/file/up_file', 'file', '上传成功!', '127.0.0.1', '', 'Mozilla/5.0 (Windows NT 10.0; Win64; x64) AppleWebKit/537.36 (KHTML, like Gecko) Chrome/74.0.3724.8 Safari/537.36', 1, 0, 7, 1556382343, 1556382343);
INSERT INTO `user_log` VALUES (213, 1, 'http://127.0.0.1:8082/home', 'http://www.firefly.test/api/file/up_file', 'user', '(user1)上传文件成功', '127.0.0.1', '', 'Mozilla/5.0 (Windows NT 10.0; Win64; x64) AppleWebKit/537.36 (KHTML, like Gecko) Chrome/74.0.3724.8 Safari/537.36', 1, 0, 2, 1556382343, 1556382343);
INSERT INTO `user_log` VALUES (214, 1, 'http://127.0.0.1:8082/home', 'http://www.firefly.test/api/file/up_file', 'file', '上传成功!', '127.0.0.1', '', 'Mozilla/5.0 (Windows NT 10.0; Win64; x64) AppleWebKit/537.36 (KHTML, like Gecko) Chrome/74.0.3724.8 Safari/537.36', 1, 0, 7, 1556382371, 1556382371);
INSERT INTO `user_log` VALUES (215, 1, 'http://127.0.0.1:8082/home', 'http://www.firefly.test/api/file/up_file', 'user', '(user1)上传文件成功', '127.0.0.1', '', 'Mozilla/5.0 (Windows NT 10.0; Win64; x64) AppleWebKit/537.36 (KHTML, like Gecko) Chrome/74.0.3724.8 Safari/537.36', 1, 0, 2, 1556382371, 1556382371);
INSERT INTO `user_log` VALUES (216, 1, 'http://127.0.0.1:8082/home', 'http://www.firefly.test/api/file/up_file', 'file', '上传成功!', '127.0.0.1', '', 'Mozilla/5.0 (Windows NT 10.0; Win64; x64) AppleWebKit/537.36 (KHTML, like Gecko) Chrome/74.0.3724.8 Safari/537.36', 1, 0, 7, 1556382440, 1556382440);
INSERT INTO `user_log` VALUES (217, 1, 'http://127.0.0.1:8082/home', 'http://www.firefly.test/api/file/up_file', 'user', '(user1)上传文件成功', '127.0.0.1', '', 'Mozilla/5.0 (Windows NT 10.0; Win64; x64) AppleWebKit/537.36 (KHTML, like Gecko) Chrome/74.0.3724.8 Safari/537.36', 1, 0, 2, 1556382440, 1556382440);
INSERT INTO `user_log` VALUES (218, 1, 'http://127.0.0.1:8082/home', 'http://www.firefly.test/api/file/up_file', 'file', '上传成功!', '127.0.0.1', '', 'Mozilla/5.0 (Windows NT 10.0; Win64; x64) AppleWebKit/537.36 (KHTML, like Gecko) Chrome/74.0.3724.8 Safari/537.36', 1, 0, 7, 1556382500, 1556382500);
INSERT INTO `user_log` VALUES (219, 1, 'http://127.0.0.1:8082/home', 'http://www.firefly.test/api/file/up_file', 'user', '(user1)上传文件成功', '127.0.0.1', '', 'Mozilla/5.0 (Windows NT 10.0; Win64; x64) AppleWebKit/537.36 (KHTML, like Gecko) Chrome/74.0.3724.8 Safari/537.36', 1, 0, 2, 1556382500, 1556382500);
INSERT INTO `user_log` VALUES (220, 1, 'http://127.0.0.1:8082/home', 'http://www.firefly.test/api/file/up_file', 'file', '上传成功!', '127.0.0.1', '', 'Mozilla/5.0 (Windows NT 10.0; Win64; x64) AppleWebKit/537.36 (KHTML, like Gecko) Chrome/74.0.3724.8 Safari/537.36', 1, 0, 7, 1556382522, 1556382522);
INSERT INTO `user_log` VALUES (221, 1, 'http://127.0.0.1:8082/home', 'http://www.firefly.test/api/file/up_file', 'user', '(user1)上传文件成功', '127.0.0.1', '', 'Mozilla/5.0 (Windows NT 10.0; Win64; x64) AppleWebKit/537.36 (KHTML, like Gecko) Chrome/74.0.3724.8 Safari/537.36', 1, 0, 2, 1556382522, 1556382522);
INSERT INTO `user_log` VALUES (222, 1, 'http://127.0.0.1:8082/home', 'http://www.firefly.test/api/file/up_file', 'file', '上传成功!', '127.0.0.1', '', 'Mozilla/5.0 (Windows NT 10.0; Win64; x64) AppleWebKit/537.36 (KHTML, like Gecko) Chrome/74.0.3724.8 Safari/537.36', 1, 0, 7, 1556382579, 1556382579);
INSERT INTO `user_log` VALUES (223, 1, 'http://127.0.0.1:8082/home', 'http://www.firefly.test/api/file/up_file', 'user', '(user1)上传文件成功', '127.0.0.1', '', 'Mozilla/5.0 (Windows NT 10.0; Win64; x64) AppleWebKit/537.36 (KHTML, like Gecko) Chrome/74.0.3724.8 Safari/537.36', 1, 0, 2, 1556382579, 1556382579);
INSERT INTO `user_log` VALUES (224, 1, 'http://127.0.0.1:8082/home', 'http://www.firefly.test/api/file/up_file', 'file', '上传成功!', '127.0.0.1', '', 'Mozilla/5.0 (Windows NT 10.0; Win64; x64) AppleWebKit/537.36 (KHTML, like Gecko) Chrome/74.0.3724.8 Safari/537.36', 1, 0, 7, 1556382959, 1556382959);
INSERT INTO `user_log` VALUES (225, 1, 'http://127.0.0.1:8082/home', 'http://www.firefly.test/api/file/up_file', 'user', '(user1)上传文件成功', '127.0.0.1', '', 'Mozilla/5.0 (Windows NT 10.0; Win64; x64) AppleWebKit/537.36 (KHTML, like Gecko) Chrome/74.0.3724.8 Safari/537.36', 1, 0, 2, 1556382959, 1556382959);
INSERT INTO `user_log` VALUES (226, 1, 'http://127.0.0.1:8082/home', 'http://www.firefly.test/api/file/up_file', 'file', '上传成功!', '127.0.0.1', '', 'Mozilla/5.0 (Windows NT 10.0; Win64; x64) AppleWebKit/537.36 (KHTML, like Gecko) Chrome/74.0.3724.8 Safari/537.36', 1, 0, 7, 1556382979, 1556382979);
INSERT INTO `user_log` VALUES (227, 1, 'http://127.0.0.1:8082/home', 'http://www.firefly.test/api/file/up_file', 'user', '(user1)上传文件成功', '127.0.0.1', '', 'Mozilla/5.0 (Windows NT 10.0; Win64; x64) AppleWebKit/537.36 (KHTML, like Gecko) Chrome/74.0.3724.8 Safari/537.36', 1, 0, 2, 1556382979, 1556382979);
INSERT INTO `user_log` VALUES (228, 1, 'http://127.0.0.1:8082/home', 'http://www.firefly.test/api/file/up_file', 'file', '上传成功!', '127.0.0.1', '', 'Mozilla/5.0 (Windows NT 10.0; Win64; x64) AppleWebKit/537.36 (KHTML, like Gecko) Chrome/74.0.3724.8 Safari/537.36', 1, 0, 7, 1556383032, 1556383032);
INSERT INTO `user_log` VALUES (229, 1, 'http://127.0.0.1:8082/home', 'http://www.firefly.test/api/file/up_file', 'user', '(user1)上传文件成功', '127.0.0.1', '', 'Mozilla/5.0 (Windows NT 10.0; Win64; x64) AppleWebKit/537.36 (KHTML, like Gecko) Chrome/74.0.3724.8 Safari/537.36', 1, 0, 2, 1556383032, 1556383032);
INSERT INTO `user_log` VALUES (230, 1, 'http://127.0.0.1:8082/login', 'http://www.firefly.test/api/user/login', 'user', '登录成功', '127.0.0.1', '中国----本机地址', 'Mozilla/5.0 (Windows NT 10.0; Win64; x64) AppleWebKit/537.36 (KHTML, like Gecko) Chrome/74.0.3724.8 Safari/537.36', 1, 0, 4, 1556432932, 1556432932);
INSERT INTO `user_log` VALUES (231, 1, 'http://127.0.0.1:8082/personal', 'http://www.firefly.test/api/user/upavatar', 'user_attachment', '上传成功!', '127.0.0.1', '中国----本机地址', 'Mozilla/5.0 (Windows NT 10.0; Win64; x64) AppleWebKit/537.36 (KHTML, like Gecko) Chrome/74.0.3724.8 Safari/537.36', 1, 0, 7, 1556432961, 1556432961);
INSERT INTO `user_log` VALUES (232, 1, 'http://127.0.0.1:8082/personal', 'http://www.firefly.test/api/user/upavatar', 'user', '(user1)修改头像成功', '127.0.0.1', '中国----本机地址', 'Mozilla/5.0 (Windows NT 10.0; Win64; x64) AppleWebKit/537.36 (KHTML, like Gecko) Chrome/74.0.3724.8 Safari/537.36', 1, 0, 2, 1556432962, 1556432962);
INSERT INTO `user_log` VALUES (233, 1, 'http://127.0.0.1:8082/home', 'http://www.firefly.test/api/file/up_file', 'file', '上传成功!', '127.0.0.1', '中国----本机地址', 'Mozilla/5.0 (Windows NT 10.0; Win64; x64) AppleWebKit/537.36 (KHTML, like Gecko) Chrome/74.0.3724.8 Safari/537.36', 1, 0, 7, 1556432987, 1556432987);
INSERT INTO `user_log` VALUES (234, 1, 'http://127.0.0.1:8082/home', 'http://www.firefly.test/api/file/up_file', 'user', '(user1)上传文件成功', '127.0.0.1', '中国----本机地址', 'Mozilla/5.0 (Windows NT 10.0; Win64; x64) AppleWebKit/537.36 (KHTML, like Gecko) Chrome/74.0.3724.8 Safari/537.36', 1, 0, 2, 1556432987, 1556432987);
INSERT INTO `user_log` VALUES (235, 1, 'http://127.0.0.1:8082/home', 'http://www.firefly.test/api/file/create_folder', 'folder', '(user1)创建文件夹成功', '127.0.0.1', '中国----本机地址', 'Mozilla/5.0 (Windows NT 10.0; Win64; x64) AppleWebKit/537.36 (KHTML, like Gecko) Chrome/74.0.3724.8 Safari/537.36', 1, 0, 1, 1556433105, 1556433105);
INSERT INTO `user_log` VALUES (236, 1, 'http://127.0.0.1:8082/home', 'http://www.firefly.test/api/user/logout', 'user', '退出成功', '127.0.0.1', '中国----本机地址', 'Mozilla/5.0 (Windows NT 10.0; Win64; x64) AppleWebKit/537.36 (KHTML, like Gecko) Chrome/74.0.3724.8 Safari/537.36', 1, 0, 5, 1556433259, 1556433259);
INSERT INTO `user_log` VALUES (237, 1, 'http://127.0.0.1:8082/login', 'http://www.firefly.test/api/user/login', 'user', '登录成功', '127.0.0.1', '中国----本机地址', 'Mozilla/5.0 (Windows NT 10.0; Win64; x64) AppleWebKit/537.36 (KHTML, like Gecko) Chrome/74.0.3724.8 Safari/537.36', 1, 0, 4, 1556433265, 1556433265);
INSERT INTO `user_log` VALUES (238, 1, 'http://127.0.0.1:8082/login', 'http://www.firefly.test/api/user/login', 'user', '登录成功', '127.0.0.1', '中国----本机地址', 'Mozilla/5.0 (Windows NT 10.0; Win64; x64) AppleWebKit/537.36 (KHTML, like Gecko) Chrome/74.0.3724.8 Safari/537.36', 1, 0, 4, 1556434311, 1556434311);
INSERT INTO `user_log` VALUES (239, 1, 'http://127.0.0.1:8082/home', 'http://www.firefly.test/api/file/up_file', 'file', '上传成功!', '127.0.0.1', '中国----本机地址', 'Mozilla/5.0 (Windows NT 10.0; Win64; x64) AppleWebKit/537.36 (KHTML, like Gecko) Chrome/74.0.3724.8 Safari/537.36', 1, 0, 7, 1556442292, 1556442292);
INSERT INTO `user_log` VALUES (240, 1, 'http://127.0.0.1:8082/home', 'http://www.firefly.test/api/file/up_file', 'file', '上传成功!', '127.0.0.1', '中国----本机地址', 'Mozilla/5.0 (Windows NT 10.0; Win64; x64) AppleWebKit/537.36 (KHTML, like Gecko) Chrome/74.0.3724.8 Safari/537.36', 1, 0, 7, 1556442292, 1556442292);
INSERT INTO `user_log` VALUES (241, 1, 'http://127.0.0.1:8082/home', 'http://www.firefly.test/api/file/up_file', 'user', '(user1)上传文件成功', '127.0.0.1', '中国----本机地址', 'Mozilla/5.0 (Windows NT 10.0; Win64; x64) AppleWebKit/537.36 (KHTML, like Gecko) Chrome/74.0.3724.8 Safari/537.36', 1, 0, 2, 1556442292, 1556442292);
INSERT INTO `user_log` VALUES (242, 1, 'http://127.0.0.1:8082/home', 'http://www.firefly.test/api/file/up_file', 'user', '(user1)上传文件成功', '127.0.0.1', '中国----本机地址', 'Mozilla/5.0 (Windows NT 10.0; Win64; x64) AppleWebKit/537.36 (KHTML, like Gecko) Chrome/74.0.3724.8 Safari/537.36', 1, 0, 2, 1556442292, 1556442292);
INSERT INTO `user_log` VALUES (243, 1, 'http://127.0.0.1:8082/home', 'http://www.firefly.test/api/file/up_file', 'file', '上传成功!', '127.0.0.1', '中国----本机地址', 'Mozilla/5.0 (Windows NT 10.0; Win64; x64) AppleWebKit/537.36 (KHTML, like Gecko) Chrome/74.0.3724.8 Safari/537.36', 1, 0, 7, 1556442292, 1556442292);
INSERT INTO `user_log` VALUES (244, 1, 'http://127.0.0.1:8082/home', 'http://www.firefly.test/api/file/up_file', 'file', '上传成功!', '127.0.0.1', '中国----本机地址', 'Mozilla/5.0 (Windows NT 10.0; Win64; x64) AppleWebKit/537.36 (KHTML, like Gecko) Chrome/74.0.3724.8 Safari/537.36', 1, 0, 7, 1556442292, 1556442292);
INSERT INTO `user_log` VALUES (245, 1, 'http://127.0.0.1:8082/home', 'http://www.firefly.test/api/file/up_file', 'user', '(user1)上传文件成功', '127.0.0.1', '中国----本机地址', 'Mozilla/5.0 (Windows NT 10.0; Win64; x64) AppleWebKit/537.36 (KHTML, like Gecko) Chrome/74.0.3724.8 Safari/537.36', 1, 0, 2, 1556442293, 1556442293);
INSERT INTO `user_log` VALUES (246, 1, 'http://127.0.0.1:8082/home', 'http://www.firefly.test/api/file/checkmd5', 'user', '(user1)上传文件成功', '127.0.0.1', '中国----本机地址', 'Mozilla/5.0 (Windows NT 10.0; Win64; x64) AppleWebKit/537.36 (KHTML, like Gecko) Chrome/74.0.3724.8 Safari/537.36', 1, 0, 2, 1556442293, 1556442293);
INSERT INTO `user_log` VALUES (247, 1, 'http://127.0.0.1:8082/home', 'http://www.firefly.test/api/file/up_file', 'user', '(user1)上传文件成功', '127.0.0.1', '中国----本机地址', 'Mozilla/5.0 (Windows NT 10.0; Win64; x64) AppleWebKit/537.36 (KHTML, like Gecko) Chrome/74.0.3724.8 Safari/537.36', 1, 0, 2, 1556442293, 1556442293);
INSERT INTO `user_log` VALUES (248, 1, 'http://127.0.0.1:8082/home', 'http://www.firefly.test/api/file/up_file', 'file', '上传成功!', '127.0.0.1', '中国----本机地址', 'Mozilla/5.0 (Windows NT 10.0; Win64; x64) AppleWebKit/537.36 (KHTML, like Gecko) Chrome/74.0.3724.8 Safari/537.36', 1, 0, 7, 1556442293, 1556442293);
INSERT INTO `user_log` VALUES (249, 1, 'http://127.0.0.1:8082/home', 'http://www.firefly.test/api/file/up_file', 'file', '上传成功!', '127.0.0.1', '中国----本机地址', 'Mozilla/5.0 (Windows NT 10.0; Win64; x64) AppleWebKit/537.36 (KHTML, like Gecko) Chrome/74.0.3724.8 Safari/537.36', 1, 0, 7, 1556442293, 1556442293);
INSERT INTO `user_log` VALUES (250, 1, 'http://127.0.0.1:8082/home', 'http://www.firefly.test/api/file/up_file', 'user', '(user1)上传文件成功', '127.0.0.1', '中国----本机地址', 'Mozilla/5.0 (Windows NT 10.0; Win64; x64) AppleWebKit/537.36 (KHTML, like Gecko) Chrome/74.0.3724.8 Safari/537.36', 1, 0, 2, 1556442293, 1556442293);
INSERT INTO `user_log` VALUES (251, 1, 'http://127.0.0.1:8082/home', 'http://www.firefly.test/api/file/up_file', 'file', '上传成功!', '127.0.0.1', '中国----本机地址', 'Mozilla/5.0 (Windows NT 10.0; Win64; x64) AppleWebKit/537.36 (KHTML, like Gecko) Chrome/74.0.3724.8 Safari/537.36', 1, 0, 7, 1556442293, 1556442293);
INSERT INTO `user_log` VALUES (252, 1, 'http://127.0.0.1:8082/home', 'http://www.firefly.test/api/file/up_file', 'file', '上传成功!', '127.0.0.1', '中国----本机地址', 'Mozilla/5.0 (Windows NT 10.0; Win64; x64) AppleWebKit/537.36 (KHTML, like Gecko) Chrome/74.0.3724.8 Safari/537.36', 1, 0, 7, 1556442293, 1556442293);
INSERT INTO `user_log` VALUES (253, 1, 'http://127.0.0.1:8082/home', 'http://www.firefly.test/api/file/up_file', 'file', '上传成功!', '127.0.0.1', '中国----本机地址', 'Mozilla/5.0 (Windows NT 10.0; Win64; x64) AppleWebKit/537.36 (KHTML, like Gecko) Chrome/74.0.3724.8 Safari/537.36', 1, 0, 7, 1556442293, 1556442293);
INSERT INTO `user_log` VALUES (254, 1, 'http://127.0.0.1:8082/home', 'http://www.firefly.test/api/file/up_file', 'file', '上传成功!', '127.0.0.1', '中国----本机地址', 'Mozilla/5.0 (Windows NT 10.0; Win64; x64) AppleWebKit/537.36 (KHTML, like Gecko) Chrome/74.0.3724.8 Safari/537.36', 1, 0, 7, 1556442293, 1556442293);
INSERT INTO `user_log` VALUES (255, 1, 'http://127.0.0.1:8082/home', 'http://www.firefly.test/api/file/up_file', 'user', '(user1)上传文件成功', '127.0.0.1', '中国----本机地址', 'Mozilla/5.0 (Windows NT 10.0; Win64; x64) AppleWebKit/537.36 (KHTML, like Gecko) Chrome/74.0.3724.8 Safari/537.36', 1, 0, 2, 1556442293, 1556442293);
INSERT INTO `user_log` VALUES (256, 1, 'http://127.0.0.1:8082/home', 'http://www.firefly.test/api/file/up_file', 'user', '(user1)上传文件成功', '127.0.0.1', '中国----本机地址', 'Mozilla/5.0 (Windows NT 10.0; Win64; x64) AppleWebKit/537.36 (KHTML, like Gecko) Chrome/74.0.3724.8 Safari/537.36', 1, 0, 2, 1556442293, 1556442293);
INSERT INTO `user_log` VALUES (257, 1, 'http://127.0.0.1:8082/home', 'http://www.firefly.test/api/file/up_file', 'user', '(user1)上传文件成功', '127.0.0.1', '中国----本机地址', 'Mozilla/5.0 (Windows NT 10.0; Win64; x64) AppleWebKit/537.36 (KHTML, like Gecko) Chrome/74.0.3724.8 Safari/537.36', 1, 0, 2, 1556442293, 1556442293);
INSERT INTO `user_log` VALUES (258, 1, 'http://127.0.0.1:8082/home', 'http://www.firefly.test/api/file/up_file', 'user', '(user1)上传文件成功', '127.0.0.1', '中国----本机地址', 'Mozilla/5.0 (Windows NT 10.0; Win64; x64) AppleWebKit/537.36 (KHTML, like Gecko) Chrome/74.0.3724.8 Safari/537.36', 1, 0, 2, 1556442293, 1556442293);
INSERT INTO `user_log` VALUES (259, 1, 'http://127.0.0.1:8082/home', 'http://www.firefly.test/api/file/up_file', 'user', '(user1)上传文件成功', '127.0.0.1', '中国----本机地址', 'Mozilla/5.0 (Windows NT 10.0; Win64; x64) AppleWebKit/537.36 (KHTML, like Gecko) Chrome/74.0.3724.8 Safari/537.36', 1, 0, 2, 1556442293, 1556442293);
INSERT INTO `user_log` VALUES (260, 1, 'http://127.0.0.1:8082/home', 'http://www.firefly.test/api/file/up_file', 'file', '上传成功!', '127.0.0.1', '中国----本机地址', 'Mozilla/5.0 (Windows NT 10.0; Win64; x64) AppleWebKit/537.36 (KHTML, like Gecko) Chrome/74.0.3724.8 Safari/537.36', 1, 0, 7, 1556442293, 1556442293);
INSERT INTO `user_log` VALUES (261, 1, 'http://127.0.0.1:8082/home', 'http://www.firefly.test/api/file/up_file', 'file', '上传成功!', '127.0.0.1', '中国----本机地址', 'Mozilla/5.0 (Windows NT 10.0; Win64; x64) AppleWebKit/537.36 (KHTML, like Gecko) Chrome/74.0.3724.8 Safari/537.36', 1, 0, 7, 1556442293, 1556442293);
INSERT INTO `user_log` VALUES (262, 1, 'http://127.0.0.1:8082/home', 'http://www.firefly.test/api/file/up_file', 'file', '上传成功!', '127.0.0.1', '中国----本机地址', 'Mozilla/5.0 (Windows NT 10.0; Win64; x64) AppleWebKit/537.36 (KHTML, like Gecko) Chrome/74.0.3724.8 Safari/537.36', 1, 0, 7, 1556442293, 1556442293);
INSERT INTO `user_log` VALUES (263, 1, 'http://127.0.0.1:8082/home', 'http://www.firefly.test/api/file/up_file', 'user', '(user1)上传文件成功', '127.0.0.1', '中国----本机地址', 'Mozilla/5.0 (Windows NT 10.0; Win64; x64) AppleWebKit/537.36 (KHTML, like Gecko) Chrome/74.0.3724.8 Safari/537.36', 1, 0, 2, 1556442293, 1556442293);
INSERT INTO `user_log` VALUES (264, 1, 'http://127.0.0.1:8082/home', 'http://www.firefly.test/api/file/up_file', 'user', '(user1)上传文件成功', '127.0.0.1', '中国----本机地址', 'Mozilla/5.0 (Windows NT 10.0; Win64; x64) AppleWebKit/537.36 (KHTML, like Gecko) Chrome/74.0.3724.8 Safari/537.36', 1, 0, 2, 1556442293, 1556442293);
INSERT INTO `user_log` VALUES (265, 1, 'http://127.0.0.1:8082/home', 'http://www.firefly.test/api/file/up_file', 'user', '(user1)上传文件成功', '127.0.0.1', '中国----本机地址', 'Mozilla/5.0 (Windows NT 10.0; Win64; x64) AppleWebKit/537.36 (KHTML, like Gecko) Chrome/74.0.3724.8 Safari/537.36', 1, 0, 2, 1556442294, 1556442294);
INSERT INTO `user_log` VALUES (266, 1, 'http://127.0.0.1:8082/home', 'http://www.firefly.test/api/file/up_file', 'file', '上传成功!', '127.0.0.1', '中国----本机地址', 'Mozilla/5.0 (Windows NT 10.0; Win64; x64) AppleWebKit/537.36 (KHTML, like Gecko) Chrome/74.0.3724.8 Safari/537.36', 1, 0, 7, 1556442912, 1556442912);
INSERT INTO `user_log` VALUES (267, 1, 'http://127.0.0.1:8082/home', 'http://www.firefly.test/api/file/up_file', 'user', '(user1)上传文件成功', '127.0.0.1', '中国----本机地址', 'Mozilla/5.0 (Windows NT 10.0; Win64; x64) AppleWebKit/537.36 (KHTML, like Gecko) Chrome/74.0.3724.8 Safari/537.36', 1, 0, 2, 1556442912, 1556442912);
INSERT INTO `user_log` VALUES (268, 1, 'http://127.0.0.1:8082/home', 'http://www.firefly.test/api/file/up_file', 'file', '上传成功!', '127.0.0.1', '中国----本机地址', 'Mozilla/5.0 (Windows NT 10.0; Win64; x64) AppleWebKit/537.36 (KHTML, like Gecko) Chrome/74.0.3724.8 Safari/537.36', 1, 0, 7, 1556443186, 1556443186);
INSERT INTO `user_log` VALUES (269, 1, 'http://127.0.0.1:8082/home', 'http://www.firefly.test/api/file/up_file', 'user', '(user1)上传文件成功', '127.0.0.1', '中国----本机地址', 'Mozilla/5.0 (Windows NT 10.0; Win64; x64) AppleWebKit/537.36 (KHTML, like Gecko) Chrome/74.0.3724.8 Safari/537.36', 1, 0, 2, 1556443186, 1556443186);
INSERT INTO `user_log` VALUES (270, 1, 'http://127.0.0.1:8082/home', 'http://www.firefly.test/api/file/checkmd5', 'user', '(user1)上传文件成功', '127.0.0.1', '中国----本机地址', 'Mozilla/5.0 (Windows NT 10.0; Win64; x64) AppleWebKit/537.36 (KHTML, like Gecko) Chrome/74.0.3724.8 Safari/537.36', 1, 0, 2, 1556443263, 1556443263);
INSERT INTO `user_log` VALUES (271, 1, 'http://127.0.0.1:8082/home', 'http://www.firefly.test/api/file/up_file', 'file', '上传成功!', '127.0.0.1', '中国----本机地址', 'Mozilla/5.0 (Windows NT 10.0; Win64; x64) AppleWebKit/537.36 (KHTML, like Gecko) Chrome/74.0.3724.8 Safari/537.36', 1, 0, 7, 1556443274, 1556443274);
INSERT INTO `user_log` VALUES (272, 1, 'http://127.0.0.1:8082/home', 'http://www.firefly.test/api/file/up_file', 'user', '(user1)上传文件成功', '127.0.0.1', '中国----本机地址', 'Mozilla/5.0 (Windows NT 10.0; Win64; x64) AppleWebKit/537.36 (KHTML, like Gecko) Chrome/74.0.3724.8 Safari/537.36', 1, 0, 2, 1556443274, 1556443274);
INSERT INTO `user_log` VALUES (273, 1, 'http://127.0.0.1:8082/home', 'http://www.firefly.test/api/file/up_file', 'file', '上传成功!', '127.0.0.1', '中国----本机地址', 'Mozilla/5.0 (Windows NT 10.0; Win64; x64) AppleWebKit/537.36 (KHTML, like Gecko) Chrome/74.0.3724.8 Safari/537.36', 1, 0, 7, 1556443320, 1556443320);
INSERT INTO `user_log` VALUES (274, 1, 'http://127.0.0.1:8082/home', 'http://www.firefly.test/api/file/up_file', 'user', '(user1)上传文件成功', '127.0.0.1', '中国----本机地址', 'Mozilla/5.0 (Windows NT 10.0; Win64; x64) AppleWebKit/537.36 (KHTML, like Gecko) Chrome/74.0.3724.8 Safari/537.36', 1, 0, 2, 1556443320, 1556443320);
INSERT INTO `user_log` VALUES (275, 1, 'http://127.0.0.1:8082/home', 'http://www.firefly.test/api/file/checkmd5', 'user', '(user1)上传文件成功', '127.0.0.1', '中国----本机地址', 'Mozilla/5.0 (Windows NT 10.0; Win64; x64) AppleWebKit/537.36 (KHTML, like Gecko) Chrome/74.0.3724.8 Safari/537.36', 1, 0, 2, 1556443369, 1556443369);
INSERT INTO `user_log` VALUES (276, 1, 'http://127.0.0.1:8082/home', 'http://www.firefly.test/api/file/up_file', 'file', '上传成功!', '127.0.0.1', '中国----本机地址', 'Mozilla/5.0 (Windows NT 10.0; Win64; x64) AppleWebKit/537.36 (KHTML, like Gecko) Chrome/74.0.3724.8 Safari/537.36', 1, 0, 7, 1556443375, 1556443375);
INSERT INTO `user_log` VALUES (277, 1, 'http://127.0.0.1:8082/home', 'http://www.firefly.test/api/file/up_file', 'user', '(user1)上传文件成功', '127.0.0.1', '中国----本机地址', 'Mozilla/5.0 (Windows NT 10.0; Win64; x64) AppleWebKit/537.36 (KHTML, like Gecko) Chrome/74.0.3724.8 Safari/537.36', 1, 0, 2, 1556443375, 1556443375);
INSERT INTO `user_log` VALUES (278, 1, 'http://127.0.0.1:8082/home', 'http://www.firefly.test/api/file/up_file', 'file', '上传成功!', '127.0.0.1', '中国----本机地址', 'Mozilla/5.0 (Windows NT 10.0; Win64; x64) AppleWebKit/537.36 (KHTML, like Gecko) Chrome/74.0.3724.8 Safari/537.36', 1, 0, 7, 1556443443, 1556443443);
INSERT INTO `user_log` VALUES (279, 1, 'http://127.0.0.1:8082/home', 'http://www.firefly.test/api/file/up_file', 'user', '(user1)上传文件成功', '127.0.0.1', '中国----本机地址', 'Mozilla/5.0 (Windows NT 10.0; Win64; x64) AppleWebKit/537.36 (KHTML, like Gecko) Chrome/74.0.3724.8 Safari/537.36', 1, 0, 2, 1556443443, 1556443443);
INSERT INTO `user_log` VALUES (280, 1, 'http://127.0.0.1:8082/home', 'http://www.firefly.test/api/file/up_file', 'file', '上传成功!', '127.0.0.1', '中国----本机地址', 'Mozilla/5.0 (Windows NT 10.0; Win64; x64) AppleWebKit/537.36 (KHTML, like Gecko) Chrome/74.0.3724.8 Safari/537.36', 1, 0, 7, 1556443512, 1556443512);
INSERT INTO `user_log` VALUES (281, 1, 'http://127.0.0.1:8082/home', 'http://www.firefly.test/api/file/up_file', 'user', '(user1)上传文件成功', '127.0.0.1', '中国----本机地址', 'Mozilla/5.0 (Windows NT 10.0; Win64; x64) AppleWebKit/537.36 (KHTML, like Gecko) Chrome/74.0.3724.8 Safari/537.36', 1, 0, 2, 1556443512, 1556443512);
INSERT INTO `user_log` VALUES (282, 1, 'http://127.0.0.1:8082/home', 'http://www.firefly.test/api/file/up_file', 'file', '上传成功!', '127.0.0.1', '中国----本机地址', 'Mozilla/5.0 (Windows NT 10.0; Win64; x64) AppleWebKit/537.36 (KHTML, like Gecko) Chrome/74.0.3724.8 Safari/537.36', 1, 0, 7, 1556443957, 1556443957);
INSERT INTO `user_log` VALUES (283, 1, 'http://127.0.0.1:8082/home', 'http://www.firefly.test/api/file/up_file', 'user', '(user1)上传文件成功', '127.0.0.1', '中国----本机地址', 'Mozilla/5.0 (Windows NT 10.0; Win64; x64) AppleWebKit/537.36 (KHTML, like Gecko) Chrome/74.0.3724.8 Safari/537.36', 1, 0, 2, 1556443957, 1556443957);
INSERT INTO `user_log` VALUES (284, 1, 'http://127.0.0.1:8082/home', 'http://www.firefly.test/api/file/checkmd5', 'user', '(user1)上传文件成功', '127.0.0.1', '中国----本机地址', 'Mozilla/5.0 (Windows NT 10.0; Win64; x64) AppleWebKit/537.36 (KHTML, like Gecko) Chrome/74.0.3724.8 Safari/537.36', 1, 0, 2, 1556444010, 1556444010);
INSERT INTO `user_log` VALUES (285, 1, 'http://127.0.0.1:8082/home', 'http://www.firefly.test/api/file/up_file', 'file', '上传成功!', '127.0.0.1', '中国----本机地址', 'Mozilla/5.0 (Windows NT 10.0; Win64; x64) AppleWebKit/537.36 (KHTML, like Gecko) Chrome/74.0.3724.8 Safari/537.36', 1, 0, 7, 1556444047, 1556444047);
INSERT INTO `user_log` VALUES (286, 1, 'http://127.0.0.1:8082/home', 'http://www.firefly.test/api/file/up_file', 'user', '(user1)上传文件成功', '127.0.0.1', '中国----本机地址', 'Mozilla/5.0 (Windows NT 10.0; Win64; x64) AppleWebKit/537.36 (KHTML, like Gecko) Chrome/74.0.3724.8 Safari/537.36', 1, 0, 2, 1556444047, 1556444047);
INSERT INTO `user_log` VALUES (287, 1, 'http://127.0.0.1:8082/home', 'http://www.firefly.test/api/file/up_file', 'file', '上传成功!', '127.0.0.1', '中国----本机地址', 'Mozilla/5.0 (Windows NT 10.0; Win64; x64) AppleWebKit/537.36 (KHTML, like Gecko) Chrome/74.0.3724.8 Safari/537.36', 1, 0, 7, 1556444059, 1556444059);
INSERT INTO `user_log` VALUES (288, 1, 'http://127.0.0.1:8082/home', 'http://www.firefly.test/api/file/up_file', 'user', '(user1)上传文件成功', '127.0.0.1', '中国----本机地址', 'Mozilla/5.0 (Windows NT 10.0; Win64; x64) AppleWebKit/537.36 (KHTML, like Gecko) Chrome/74.0.3724.8 Safari/537.36', 1, 0, 2, 1556444059, 1556444059);
INSERT INTO `user_log` VALUES (289, 1, 'http://127.0.0.1:8082/home', 'http://www.firefly.test/api/file/up_file', 'file', '上传成功!', '127.0.0.1', '中国----本机地址', 'Mozilla/5.0 (Windows NT 10.0; Win64; x64) AppleWebKit/537.36 (KHTML, like Gecko) Chrome/74.0.3724.8 Safari/537.36', 1, 0, 7, 1556444099, 1556444099);
INSERT INTO `user_log` VALUES (290, 1, 'http://127.0.0.1:8082/home', 'http://www.firefly.test/api/file/up_file', 'file', '上传成功!', '127.0.0.1', '中国----本机地址', 'Mozilla/5.0 (Windows NT 10.0; Win64; x64) AppleWebKit/537.36 (KHTML, like Gecko) Chrome/74.0.3724.8 Safari/537.36', 1, 0, 7, 1556444099, 1556444099);
INSERT INTO `user_log` VALUES (291, 1, 'http://127.0.0.1:8082/home', 'http://www.firefly.test/api/file/up_file', 'user', '(user1)上传文件成功', '127.0.0.1', '中国----本机地址', 'Mozilla/5.0 (Windows NT 10.0; Win64; x64) AppleWebKit/537.36 (KHTML, like Gecko) Chrome/74.0.3724.8 Safari/537.36', 1, 0, 2, 1556444099, 1556444099);
INSERT INTO `user_log` VALUES (292, 1, 'http://127.0.0.1:8082/home', 'http://www.firefly.test/api/file/up_file', 'user', '(user1)上传文件成功', '127.0.0.1', '中国----本机地址', 'Mozilla/5.0 (Windows NT 10.0; Win64; x64) AppleWebKit/537.36 (KHTML, like Gecko) Chrome/74.0.3724.8 Safari/537.36', 1, 0, 2, 1556444099, 1556444099);
INSERT INTO `user_log` VALUES (293, 1, 'http://127.0.0.1:8082/home', 'http://www.firefly.test/api/file/up_file', 'file', '上传成功!', '127.0.0.1', '中国----本机地址', 'Mozilla/5.0 (Windows NT 10.0; Win64; x64) AppleWebKit/537.36 (KHTML, like Gecko) Chrome/74.0.3724.8 Safari/537.36', 1, 0, 7, 1556444100, 1556444100);
INSERT INTO `user_log` VALUES (294, 1, 'http://127.0.0.1:8082/home', 'http://www.firefly.test/api/file/up_file', 'file', '上传成功!', '127.0.0.1', '中国----本机地址', 'Mozilla/5.0 (Windows NT 10.0; Win64; x64) AppleWebKit/537.36 (KHTML, like Gecko) Chrome/74.0.3724.8 Safari/537.36', 1, 0, 7, 1556444100, 1556444100);
INSERT INTO `user_log` VALUES (295, 1, 'http://127.0.0.1:8082/home', 'http://www.firefly.test/api/file/up_file', 'user', '(user1)上传文件成功', '127.0.0.1', '中国----本机地址', 'Mozilla/5.0 (Windows NT 10.0; Win64; x64) AppleWebKit/537.36 (KHTML, like Gecko) Chrome/74.0.3724.8 Safari/537.36', 1, 0, 2, 1556444100, 1556444100);
INSERT INTO `user_log` VALUES (296, 1, 'http://127.0.0.1:8082/home', 'http://www.firefly.test/api/file/up_file', 'user', '(user1)上传文件成功', '127.0.0.1', '中国----本机地址', 'Mozilla/5.0 (Windows NT 10.0; Win64; x64) AppleWebKit/537.36 (KHTML, like Gecko) Chrome/74.0.3724.8 Safari/537.36', 1, 0, 2, 1556444100, 1556444100);
INSERT INTO `user_log` VALUES (297, 1, 'http://127.0.0.1:8082/home', 'http://www.firefly.test/api/file/up_file', 'file', '上传成功!', '127.0.0.1', '中国----本机地址', 'Mozilla/5.0 (Windows NT 10.0; Win64; x64) AppleWebKit/537.36 (KHTML, like Gecko) Chrome/74.0.3724.8 Safari/537.36', 1, 0, 7, 1556444100, 1556444100);
INSERT INTO `user_log` VALUES (298, 1, 'http://127.0.0.1:8082/home', 'http://www.firefly.test/api/file/up_file', 'file', '上传成功!', '127.0.0.1', '中国----本机地址', 'Mozilla/5.0 (Windows NT 10.0; Win64; x64) AppleWebKit/537.36 (KHTML, like Gecko) Chrome/74.0.3724.8 Safari/537.36', 1, 0, 7, 1556444100, 1556444100);
INSERT INTO `user_log` VALUES (299, 1, 'http://127.0.0.1:8082/home', 'http://www.firefly.test/api/file/up_file', 'user', '(user1)上传文件成功', '127.0.0.1', '中国----本机地址', 'Mozilla/5.0 (Windows NT 10.0; Win64; x64) AppleWebKit/537.36 (KHTML, like Gecko) Chrome/74.0.3724.8 Safari/537.36', 1, 0, 2, 1556444100, 1556444100);
INSERT INTO `user_log` VALUES (300, 1, 'http://127.0.0.1:8082/home', 'http://www.firefly.test/api/file/up_file', 'user', '(user1)上传文件成功', '127.0.0.1', '中国----本机地址', 'Mozilla/5.0 (Windows NT 10.0; Win64; x64) AppleWebKit/537.36 (KHTML, like Gecko) Chrome/74.0.3724.8 Safari/537.36', 1, 0, 2, 1556444100, 1556444100);
INSERT INTO `user_log` VALUES (301, 1, 'http://127.0.0.1:8082/home', 'http://www.firefly.test/api/file/up_file', 'file', '上传成功!', '127.0.0.1', '中国----本机地址', 'Mozilla/5.0 (Windows NT 10.0; Win64; x64) AppleWebKit/537.36 (KHTML, like Gecko) Chrome/74.0.3724.8 Safari/537.36', 1, 0, 7, 1556447064, 1556447064);
INSERT INTO `user_log` VALUES (302, 1, 'http://127.0.0.1:8082/home', 'http://www.firefly.test/api/file/up_file', 'user', '(user1)上传文件成功', '127.0.0.1', '中国----本机地址', 'Mozilla/5.0 (Windows NT 10.0; Win64; x64) AppleWebKit/537.36 (KHTML, like Gecko) Chrome/74.0.3724.8 Safari/537.36', 1, 0, 2, 1556447064, 1556447064);
INSERT INTO `user_log` VALUES (303, 1, 'http://127.0.0.1:8082/home', 'http://www.firefly.test/api/file/up_file', 'file', '上传成功!', '127.0.0.1', '中国----本机地址', 'Mozilla/5.0 (Windows NT 10.0; Win64; x64) AppleWebKit/537.36 (KHTML, like Gecko) Chrome/74.0.3724.8 Safari/537.36', 1, 0, 7, 1556447417, 1556447417);
INSERT INTO `user_log` VALUES (304, 1, 'http://127.0.0.1:8082/home', 'http://www.firefly.test/api/file/up_file', 'user', '(user1)上传文件成功', '127.0.0.1', '中国----本机地址', 'Mozilla/5.0 (Windows NT 10.0; Win64; x64) AppleWebKit/537.36 (KHTML, like Gecko) Chrome/74.0.3724.8 Safari/537.36', 1, 0, 2, 1556447417, 1556447417);
INSERT INTO `user_log` VALUES (305, 1, 'http://127.0.0.1:8082/home', 'http://www.firefly.test/api/file/up_file', 'file', '上传成功!', '127.0.0.1', '中国----本机地址', 'Mozilla/5.0 (Windows NT 10.0; Win64; x64) AppleWebKit/537.36 (KHTML, like Gecko) Chrome/74.0.3724.8 Safari/537.36', 1, 0, 7, 1556447457, 1556447457);
INSERT INTO `user_log` VALUES (306, 1, 'http://127.0.0.1:8082/home', 'http://www.firefly.test/api/file/up_file', 'user', '(user1)上传文件成功', '127.0.0.1', '中国----本机地址', 'Mozilla/5.0 (Windows NT 10.0; Win64; x64) AppleWebKit/537.36 (KHTML, like Gecko) Chrome/74.0.3724.8 Safari/537.36', 1, 0, 2, 1556447457, 1556447457);

SET FOREIGN_KEY_CHECKS = 1;
